Data,Hora,tempGasB2,tempAmb,tempGas,umidGasB2,TempSoloB2,umidGas,falhaSensor,tempSubst,umidAmb,falhaSensorB2,VolumeTotalB2,decDeBiogasB2,decDeBiogas,volumeTotal,tempSubstB2,tempSolo
2022-07-01,00:27:08,998,7.2000000000000002,998,998,16.059999999999999,998, + FalhaSHT20Bio1  + FalhaSHT20Bio2,15.69,96.299999999999997,SensoresB2OK,0,0,0,0,18.559999999999999,15.56
2022-07-01,00:42:08,998,6.7999999999999998,998,998,16,998, + FalhaSHT20Bio1  + FalhaSHT20Bio2,15.69,95.400000000000006,SensoresB2OK,0,0,0,0,18.559999999999999,15.56
2022-07-01,00:57:12,998,6.7000000000000002,998,998,16,998, + FalhaSHT20Bio1  + FalhaSHT20Bio2,15.619999999999999,95.900000000000006,SensoresB2OK,0,0,0,0,18.559999999999999,15.56
2022-07-01,01:12:15,998,6.7999999999999998,998,998,16.059999999999999,998, + FalhaSHT20Bio1  + FalhaSHT20Bio2,15.619999999999999,96.099999999999994,SensoresB2OK,0,0.01,0,0,18.559999999999999,15.56
2022-07-01,01:42:57,998,7,998,998,16,998, + FalhaSHT20Bio1  + FalhaSHT20Bio2,15.619999999999999,97.799999999999997,SensoresB2OK,0,0,0,0,18.559999999999999,15.56
2022-07-01,01:57:59,998,7.0999999999999996,998,998,16.059999999999999,998, + FalhaSHT20Bio1  + FalhaSHT20Bio2,15.619999999999999,96.5,SensoresB2OK,0,0,0,0,18.559999999999999,15.56
2022-07-01,02:12:59,998,7.0999999999999996,998,998,16,998, + FalhaSHT20Bio1  + FalhaSHT20Bio2,15.619999999999999,96.299999999999997,SensoresB2OK,0,0,0,0,18.559999999999999,15.56
2022-07-01,02:13:05,998,7.0999999999999996,998,998,16,998, + FalhaSHT20Bio1  + FalhaSHT20Bio2,15.619999999999999,96.299999999999997,SensoresB2OK,0,0.01,0,0,18.559999999999999,15.56
2022-07-01,02:43:50,998,6.4000000000000004,998,998,16,998, + FalhaSHT20Bio1  + FalhaSHT20Bio2,15.619999999999999,96.799999999999997,SensoresB2OK,0,0,0,0,18.559999999999999,15.56
2022-07-01,03:14:39,998,5.7000000000000002,998,998,16.059999999999999,998, + FalhaSHT20Bio1  + FalhaSHT20Bio2,15.619999999999999,97.700000000000003,SensoresB2OK,0,0.01,0,0,18.620000000000001,15.56
2022-07-01,03:28:50,998,5.5,998,998,16,998, + FalhaSHT20Bio1  + FalhaSHT20Bio2,15.619999999999999,98.099999999999994,SensoresB2OK,0,0,0,0,18.559999999999999,15.56
2022-07-01,03:58:50,998,6,998,998,16.059999999999999,998, + FalhaSHT20Bio1  + FalhaSHT20Bio2,15.619999999999999,98.299999999999997,SensoresB2OK,0,0,0,0,18.559999999999999,15.56
2022-07-01,04:14:39,998,6.0999999999999996,998,998,16.059999999999999,998, + FalhaSHT20Bio1  + FalhaSHT20Bio2,15.619999999999999,96.700000000000003,SensoresB2OK,0,0.01,0,0,18.559999999999999,15.56
2022-07-01,04:28:50,998,5.9000000000000004,998,998,16,998, + FalhaSHT20Bio1  + FalhaSHT20Bio2,15.619999999999999,96.799999999999997,SensoresB2OK,0,0,0,0,18.559999999999999,15.56
2022-07-01,04:43:50,998,5.5,998,998,16.059999999999999,998, + FalhaSHT20Bio1  + FalhaSHT20Bio2,15.619999999999999,97.900000000000006,SensoresB2OK,0,0,0,0,18.559999999999999,15.56
2022-07-01,04:58:50,998,5.5,998,998,16,998, + FalhaSHT20Bio1  + FalhaSHT20Bio2,15.619999999999999,98.400000000000006,SensoresB2OK,0,0,0,0,18.559999999999999,15.56
2022-07-01,05:43:49,998,5.5999999999999996,998,998,16,998, + FalhaSHT20Bio1  + FalhaSHT20Bio2,15.619999999999999,97.099999999999994,SensoresB2OK,0,0,0,0,18.559999999999999,15.56
2022-07-01,06:13:51,998,4.5,998,998,16,998, + FalhaSHT20Bio1  + FalhaSHT20Bio2,15.619999999999999,95.900000000000006,SensoresB2OK,0,0,0,0,18.559999999999999,15.56
2022-07-01,07:59:40,998,4.7000000000000002,998,998,16.059999999999999,998, + FalhaSHT20Bio1  + FalhaSHT20Bio2,15.56,96.400000000000006,SensoresB2OK,0,0,0,0,18.559999999999999,15.5
2022-07-01,08:30:27,998,6.4000000000000004,998,998,16.059999999999999,998, + FalhaSHT20Bio1  + FalhaSHT20Bio2,15.56,95.400000000000006,SensoresB2OK,0,0,0,0,18.559999999999999,15.5
2022-07-01,09:15:29,998,10.6,998,998,16.059999999999999,998, + FalhaSHT20Bio1  + FalhaSHT20Bio2,15.5,89.200000000000003,SensoresB2OK,0,0,0,0,18.559999999999999,15.5
2022-07-01,09:30:29,998,12,998,998,16.059999999999999,998, + FalhaSHT20Bio1  + FalhaSHT20Bio2,15.5,87.200000000000003,SensoresB2OK,0,0,0,0,18.559999999999999,15.5
2022-07-01,09:45:29,998,13.1,998,998,16,998, + FalhaSHT20Bio1  + FalhaSHT20Bio2,15.5,85.900000000000006,SensoresB2OK,0,0,0,0,18.620000000000001,15.5
2022-07-01,10:00:29,998,13.9,998,998,16.059999999999999,998, + FalhaSHT20Bio1  + FalhaSHT20Bio2,15.5,85.200000000000003,SensoresB2OK,0,0,0,0,18.559999999999999,15.5
2022-07-01,10:30:30,998,16.300000000000001,998,998,16,998, + FalhaSHT20Bio1  + FalhaSHT20Bio2,15.5,80.799999999999997,SensoresB2OK,0,0,0,0,18.559999999999999,15.44
2022-07-01,10:45:30,998,16.800000000000001,998,998,16.059999999999999,998, + FalhaSHT20Bio1  + FalhaSHT20Bio2,15.5,79,SensoresB2OK,0,0,0,0,18.559999999999999,15.44
2022-07-01,11:00:30,998,17.899999999999999,998,998,16.059999999999999,998, + FalhaSHT20Bio1  + FalhaSHT20Bio2,15.5,73.5,SensoresB2OK,0,0,0,0,18.559999999999999,15.44
2022-07-01,11:30:30,998,18.899999999999999,998,998,16.059999999999999,998, + FalhaSHT20Bio1  + FalhaSHT20Bio2,15.5,65.400000000000006,SensoresB2OK,0,0,0,0,18.559999999999999,15.44
2022-07-01,12:00:29,998,19.699999999999999,998,998,16.059999999999999,998, + FalhaSHT20Bio1  + FalhaSHT20Bio2,15.5,60.799999999999997,SensoresB2OK,0,0,0,0,18.559999999999999,15.44
2022-07-01,12:15:29,998,20.100000000000001,998,998,16,998, + FalhaSHT20Bio1  + FalhaSHT20Bio2,15.5,61.799999999999997,SensoresB2OK,0,0,0,0,18.620000000000001,15.44
2022-07-01,13:47:09,998,21.699999999999999,998,998,16.059999999999999,998, + FalhaSHT20Bio1  + FalhaSHT20Bio2,15.56,60.600000000000001,SensoresB2OK,0,0,0,0,18.559999999999999,15.44
2022-07-01,14:02:08,998,22,998,998,16.059999999999999,998, + FalhaSHT20Bio1  + FalhaSHT20Bio2,15.5,55.200000000000003,SensoresB2OK,0,0,0,0,18.559999999999999,15.44
2022-07-01,14:32:54,998,22.100000000000001,998,998,16.059999999999999,998, + FalhaSHT20Bio1  + FalhaSHT20Bio2,15.5,54,SensoresB2OK,0,0,0,0,18.559999999999999,15.44
2022-07-01,14:47:57,998,21.899999999999999,998,998,16.059999999999999,998, + FalhaSHT20Bio1  + FalhaSHT20Bio2,15.5,53.200000000000003,SensoresB2OK,0,0,0,0,18.559999999999999,15.44
2022-07-01,15:02:56,998,21.800000000000001,998,998,16,998, + FalhaSHT20Bio1  + FalhaSHT20Bio2,15.5,51.799999999999997,SensoresB2OK,0,0,0,0,18.559999999999999,15.44
2022-07-01,15:47:56,998,19.800000000000001,998,998,16.059999999999999,998, + FalhaSHT20Bio1  + FalhaSHT20Bio2,15.5,54.799999999999997,SensoresB2OK,0,0,0,0,18.559999999999999,15.44
2022-07-01,17:17:56,998,16.699999999999999,998,998,16,998, + FalhaSHT20Bio1  + FalhaSHT20Bio2,15.5,64.299999999999997,SensoresB2OK,0,0,0,0,18.559999999999999,15.380000000000001
2022-07-01,18:18:45,998,14.1,998,998,16.059999999999999,998, + FalhaSHT20Bio1  + FalhaSHT20Bio2,15.5,76.099999999999994,SensoresB2OK,0,0,0,0,18.559999999999999,15.380000000000001
2022-07-01,18:49:35,998,13.5,998,998,16,998, + FalhaSHT20Bio1  + FalhaSHT20Bio2,15.5,86.700000000000003,SensoresB2OK,0,0,0,0,18.559999999999999,15.380000000000001
2022-07-01,19:04:34,998,13.1,998,998,16.059999999999999,998, + FalhaSHT20Bio1  + FalhaSHT20Bio2,15.44,89.5,SensoresB2OK,0,0,0,0,18.559999999999999,15.380000000000001
2022-07-01,19:50:25,998,12.1,998,998,16,998, + FalhaSHT20Bio1  + FalhaSHT20Bio2,15.44,92.599999999999994,SensoresB2OK,0,0,0,0,18.559999999999999,15.380000000000001
2022-07-01,20:05:23,998,11.800000000000001,998,998,16,998, + FalhaSHT20Bio1  + FalhaSHT20Bio2,15.44,92.400000000000006,SensoresB2OK,0,0,0,0,18.559999999999999,15.380000000000001
2022-07-01,21:35:24,998,10,998,998,16.059999999999999,998, + FalhaSHT20Bio1  + FalhaSHT20Bio2,15.44,96.099999999999994,SensoresB2OK,0,0,0,0,18.559999999999999,15.380000000000001
2022-07-01,22:05:26,998,9.5,998,998,16,998, + FalhaSHT20Bio1  + FalhaSHT20Bio2,15.44,95.799999999999997,SensoresB2OK,0,0,0,0,18.559999999999999,15.380000000000001
2022-07-01,22:20:27,998,9.5,998,998,16.059999999999999,998, + FalhaSHT20Bio1  + FalhaSHT20Bio2,15.44,97.099999999999994,SensoresB2OK,0,0,0,0,18.559999999999999,15.380000000000001
2022-07-01,22:35:26,998,9.5999999999999996,998,998,16.059999999999999,998, + FalhaSHT20Bio1  + FalhaSHT20Bio2,15.44,96.799999999999997,SensoresB2OK,0,0,0,0,18.559999999999999,15.380000000000001
2022-07-01,22:50:27,998,9.9000000000000004,998,998,16.059999999999999,998, + FalhaSHT20Bio1  + FalhaSHT20Bio2,15.380000000000001,95.599999999999994,SensoresB2OK,0,0,0,0,18.559999999999999,15.380000000000001
2022-07-01,23:20:26,998,10.5,998,998,16.059999999999999,998, + FalhaSHT20Bio1  + FalhaSHT20Bio2,15.44,95.5,SensoresB2OK,0,0,0,0,18.559999999999999,15.380000000000001
2022-07-02,00:21:14,998,11.4,998,998,16,998, + FalhaSHT20Bio1  + FalhaSHT20Bio2,15.44,96,SensoresB2OK,0,0,0,0,18.559999999999999,15.380000000000001
2022-07-02,01:21:13,998,11.9,998,998,16,998, + FalhaSHT20Bio1  + FalhaSHT20Bio2,15.380000000000001,96.799999999999997,SensoresB2OK,0,0,0,0,18.559999999999999,15.31
2022-07-02,01:51:14,998,11.800000000000001,998,998,16.059999999999999,998, + FalhaSHT20Bio1  + FalhaSHT20Bio2,15.380000000000001,97.200000000000003,SensoresB2OK,0,0,0,0,18.559999999999999,15.31
2022-07-02,02:06:14,998,11.800000000000001,998,998,16.059999999999999,998, + FalhaSHT20Bio1  + FalhaSHT20Bio2,15.380000000000001,97.200000000000003,SensoresB2OK,0,0,0,0,18.559999999999999,15.31
2022-07-02,02:21:14,998,11.6,998,998,16.059999999999999,998, + FalhaSHT20Bio1  + FalhaSHT20Bio2,15.380000000000001,97.599999999999994,SensoresB2OK,0,0,0,0,18.559999999999999,15.380000000000001
2022-07-02,03:06:14,998,11.6,998,998,16.059999999999999,998, + FalhaSHT20Bio1  + FalhaSHT20Bio2,15.380000000000001,97.5,SensoresB2OK,0,0,0,0,18.559999999999999,15.31
2022-07-02,04:21:15,998,11.300000000000001,998,998,16,998, + FalhaSHT20Bio1  + FalhaSHT20Bio2,15.44,98,SensoresB2OK,0,0,0,0,18.559999999999999,15.31
2022-07-02,04:36:16,998,11.199999999999999,998,998,16,998, + FalhaSHT20Bio1  + FalhaSHT20Bio2,15.44,98.099999999999994,SensoresB2OK,0,0,0,0,18.559999999999999,15.31
2022-07-02,04:51:15,998,11.199999999999999,998,998,16,998, + FalhaSHT20Bio1  + FalhaSHT20Bio2,15.380000000000001,97.900000000000006,SensoresB2OK,0,0,0,0,18.559999999999999,15.31
2022-07-02,05:06:15,998,11.1,998,998,16,998, + FalhaSHT20Bio1  + FalhaSHT20Bio2,15.44,97.900000000000006,SensoresB2OK,0,0,0,0,18.559999999999999,15.31
2022-07-02,06:37:04,998,10.300000000000001,998,998,16.059999999999999,998, + FalhaSHT20Bio1  + FalhaSHT20Bio2,15.380000000000001,97.200000000000003,SensoresB2OK,0,0,0,0,18.559999999999999,15.31
2022-07-02,06:52:04,998,10,998,998,16,998, + FalhaSHT20Bio1  + FalhaSHT20Bio2,15.380000000000001,98,SensoresB2OK,0,0,0,0,18.559999999999999,15.31
2022-07-02,07:37:04,998,9.5999999999999996,998,998,16,998, + FalhaSHT20Bio1  + FalhaSHT20Bio2,15.380000000000001,98.099999999999994,SensoresB2OK,0,0,0,0,18.559999999999999,15.31
2022-07-02,08:22:07,998,10.5,998,998,16,998, + FalhaSHT20Bio1  + FalhaSHT20Bio2,15.380000000000001,96.599999999999994,SensoresB2OK,0,0,0,0,18.559999999999999,15.31
2022-07-02,08:37:54,998,11.199999999999999,998,998,16,998, + FalhaSHT20Bio1  + FalhaSHT20Bio2,15.380000000000001,95.599999999999994,SensoresB2OK,0,0,0,0,18.559999999999999,15.31
2022-07-02,09:37:56,998,15.699999999999999,998,998,16,998, + FalhaSHT20Bio1  + FalhaSHT20Bio2,15.380000000000001,87.799999999999997,SensoresB2OK,0,0,0,0,18.559999999999999,15.31
2022-07-02,09:52:55,998,16.600000000000001,998,998,16,998, + FalhaSHT20Bio1  + FalhaSHT20Bio2,15.380000000000001,86.400000000000006,SensoresB2OK,0,0,0,0,18.559999999999999,15.31
2022-07-02,10:07:55,998,17.199999999999999,998,998,16,998, + FalhaSHT20Bio1  + FalhaSHT20Bio2,15.380000000000001,85.299999999999997,SensoresB2OK,0,0,0,0,18.559999999999999,15.31
2022-07-02,10:37:54,998,19.699999999999999,998,998,16,998, + FalhaSHT20Bio1  + FalhaSHT20Bio2,15.380000000000001,78.700000000000003,SensoresB2OK,0,0,0,0,18.559999999999999,15.31
2022-07-02,10:52:54,998,20.5,998,998,16,998, + FalhaSHT20Bio1  + FalhaSHT20Bio2,15.380000000000001,77,SensoresB2OK,0,0,0,0,18.559999999999999,15.31
2022-07-02,11:07:53,998,21.600000000000001,998,998,16,998, + FalhaSHT20Bio1  + FalhaSHT20Bio2,15.380000000000001,72.400000000000006,SensoresB2OK,0,0,0,0,18.559999999999999,15.31
2022-07-02,11:37:56,998,22.600000000000001,998,998,16,998, + FalhaSHT20Bio1  + FalhaSHT20Bio2,15.380000000000001,68.700000000000003,SensoresB2OK,0,0,0,0,18.559999999999999,15.31
2022-07-02,12:07:55,998,23.899999999999999,998,998,16,998, + FalhaSHT20Bio1  + FalhaSHT20Bio2,15.380000000000001,64.5,SensoresB2OK,0,0,0,0,18.559999999999999,15.31
2022-07-02,12:52:57,998,24.300000000000001,998,998,16,998, + FalhaSHT20Bio1  + FalhaSHT20Bio2,15.31,61.299999999999997,SensoresB2OK,0,0,0,0,18.559999999999999,15.31
2022-07-02,13:23:00,998,24.199999999999999,998,998,16,998, + FalhaSHT20Bio1  + FalhaSHT20Bio2,15.380000000000001,60.799999999999997,SensoresB2OK,0,0,0,0,18.559999999999999,15.31
2022-07-02,13:37:55,998,24.399999999999999,998,998,16,998, + FalhaSHT20Bio1  + FalhaSHT20Bio2,15.31,60.899999999999999,SensoresB2OK,0,0,0,0,18.559999999999999,15.25
2022-07-02,13:52:57,998,24.600000000000001,998,998,16,998, + FalhaSHT20Bio1  + FalhaSHT20Bio2,15.31,61.100000000000001,SensoresB2OK,0,0,0,0,18.559999999999999,15.25
2022-07-02,14:22:56,998,24.699999999999999,998,998,16,998, + FalhaSHT20Bio1  + FalhaSHT20Bio2,15.380000000000001,59.799999999999997,SensoresB2OK,0,0,0,0,18.559999999999999,15.25
2022-07-02,14:37:55,998,24.699999999999999,998,998,16,998, + FalhaSHT20Bio1  + FalhaSHT20Bio2,15.380000000000001,59,SensoresB2OK,0,0,0,0,18.559999999999999,15.25
2022-07-02,14:52:55,998,24.800000000000001,998,998,16,998, + FalhaSHT20Bio1  + FalhaSHT20Bio2,15.380000000000001,59.100000000000001,SensoresB2OK,0,0,0,0,18.559999999999999,15.25
2022-07-02,15:07:55,998,24.699999999999999,998,998,16,998, + FalhaSHT20Bio1  + FalhaSHT20Bio2,15.380000000000001,60,SensoresB2OK,0,0,0,0,18.559999999999999,15.25
2022-07-02,15:38:44,998,24.100000000000001,998,998,16,998, + FalhaSHT20Bio1  + FalhaSHT20Bio2,15.380000000000001,60.100000000000001,SensoresB2OK,0,0,0,0,18.559999999999999,15.25
2022-07-02,16:23:44,998,22.5,998,998,16,998, + FalhaSHT20Bio1  + FalhaSHT20Bio2,15.31,60.700000000000003,SensoresB2OK,0,0,0,0,18.559999999999999,15.25
2022-07-02,16:53:44,998,22,998,998,16,998, + FalhaSHT20Bio1  + FalhaSHT20Bio2,15.380000000000001,62.600000000000001,SensoresB2OK,0,0,0,0,18.559999999999999,15.25
2022-07-02,17:08:48,998,21.600000000000001,998,998,16,998, + FalhaSHT20Bio1  + FalhaSHT20Bio2,15.380000000000001,64.099999999999994,SensoresB2OK,0,0,0,0,18.559999999999999,15.25
2022-07-02,17:23:44,998,20.699999999999999,998,998,16,998, + FalhaSHT20Bio1  + FalhaSHT20Bio2,15.380000000000001,67.799999999999997,SensoresB2OK,0,0,0,0,18.559999999999999,15.25
2022-07-02,17:54:34,998,19.199999999999999,998,998,16,998, + FalhaSHT20Bio1  + FalhaSHT20Bio2,15.380000000000001,73.299999999999997,SensoresB2OK,0,0,0,0,18.559999999999999,15.25
2022-07-02,18:24:34,998,18.100000000000001,998,998,16,998, + FalhaSHT20Bio1  + FalhaSHT20Bio2,15.380000000000001,76.099999999999994,SensoresB2OK,0,0,0,0,18.559999999999999,15.25
2022-07-02,19:25:21,998,16.800000000000001,998,998,16,998, + FalhaSHT20Bio1  + FalhaSHT20Bio2,15.31,84.099999999999994,SensoresB2OK,0,0,0,0,18.559999999999999,15.25
2022-07-02,19:55:22,998,15.699999999999999,998,998,16,998, + FalhaSHT20Bio1  + FalhaSHT20Bio2,15.31,87.900000000000006,SensoresB2OK,0,0,0,0,18.559999999999999,15.25
2022-07-02,20:40:23,998,14.9,998,998,16,998, + FalhaSHT20Bio1  + FalhaSHT20Bio2,15.31,89.700000000000003,SensoresB2OK,0,0,0,0,18.559999999999999,15.25
2022-07-02,20:55:23,998,14.699999999999999,998,998,16,998, + FalhaSHT20Bio1  + FalhaSHT20Bio2,15.31,90.400000000000006,SensoresB2OK,0,0,0,0,18.559999999999999,15.25
2022-07-02,21:25:23,998,14.1,998,998,16,998, + FalhaSHT20Bio1  + FalhaSHT20Bio2,15.31,91.900000000000006,SensoresB2OK,0,0,0,0,18.559999999999999,15.25
2022-07-02,21:40:22,998,14,998,998,16,998, + FalhaSHT20Bio1  + FalhaSHT20Bio2,15.380000000000001,92.200000000000003,SensoresB2OK,0,0,0,0,18.559999999999999,15.25
2022-07-02,22:10:24,998,13.300000000000001,998,998,16,998, + FalhaSHT20Bio1  + FalhaSHT20Bio2,15.31,94.200000000000003,SensoresB2OK,0,0,0,0,18.559999999999999,15.25
2022-07-02,22:25:23,998,13.4,998,998,16,998, + FalhaSHT20Bio1  + FalhaSHT20Bio2,15.31,93.299999999999997,SensoresB2OK,0,0,0,0,18.559999999999999,15.25
2022-07-02,22:55:22,998,12.800000000000001,998,998,16,998, + FalhaSHT20Bio1  + FalhaSHT20Bio2,15.31,94.200000000000003,SensoresB2OK,0,0,0,0,18.559999999999999,15.25
2022-07-02,23:10:23,998,12.699999999999999,998,998,16,998, + FalhaSHT20Bio1  + FalhaSHT20Bio2,15.31,95.200000000000003,SensoresB2OK,0,0,0,0,18.559999999999999,15.25
2022-07-02,23:40:23,998,12.300000000000001,998,998,16,998, + FalhaSHT20Bio1  + FalhaSHT20Bio2,15.31,95.400000000000006,SensoresB2OK,0,0,0,0,18.559999999999999,15.25
2022-07-03,00:40:24,998,11.800000000000001,998,998,16,998, + FalhaSHT20Bio1  + FalhaSHT20Bio2,15.380000000000001,96,SensoresB2OK,0,0,0,0,18.559999999999999,15.25
2022-07-03,00:55:22,998,11.800000000000001,998,998,16,998, + FalhaSHT20Bio1  + FalhaSHT20Bio2,15.380000000000001,96.5,SensoresB2OK,0,0,0,0,18.559999999999999,15.25
2022-07-03,01:25:21,998,11.5,998,998,16,998, + FalhaSHT20Bio1  + FalhaSHT20Bio2,15.380000000000001,96.299999999999997,SensoresB2OK,0,0,0,0,18.559999999999999,15.25
2022-07-03,01:55:23,998,11.300000000000001,998,998,16,998, + FalhaSHT20Bio1  + FalhaSHT20Bio2,15.380000000000001,96.099999999999994,SensoresB2OK,0,0,0,0,18.5,15.25
2022-07-03,02:40:23,998,10.6,998,998,16,998, + FalhaSHT20Bio1  + FalhaSHT20Bio2,15.380000000000001,96,SensoresB2OK,0,0,0,0,18.559999999999999,15.25
2022-07-03,03:40:25,998,10.699999999999999,998,998,16,998, + FalhaSHT20Bio1  + FalhaSHT20Bio2,15.380000000000001,98.299999999999997,SensoresB2OK,0,0,0,0,18.5,15.25
2022-07-03,04:25:25,998,10.199999999999999,998,998,16,998, + FalhaSHT20Bio1  + FalhaSHT20Bio2,15.380000000000001,98.299999999999997,SensoresB2OK,0,0,0,0,18.559999999999999,15.25
2022-07-03,04:41:16,998,10.300000000000001,998,998,16,998, + FalhaSHT20Bio1  + FalhaSHT20Bio2,15.380000000000001,98.5,SensoresB2OK,0,0,0,0,18.5,15.25
2022-07-03,05:26:15,998,10,998,998,16,998, + FalhaSHT20Bio1  + FalhaSHT20Bio2,15.380000000000001,98.5,SensoresB2OK,0,0,0,0,18.5,15.25
2022-07-03,05:56:14,998,10,998,998,16,998, + FalhaSHT20Bio1  + FalhaSHT20Bio2,15.380000000000001,99.099999999999994,SensoresB2OK,0,0,0,0,18.5,15.25
2022-07-03,06:41:14,998,10.1,998,998,16,998, + FalhaSHT20Bio1  + FalhaSHT20Bio2,15.380000000000001,99.700000000000003,SensoresB2OK,0,0,0,0,18.5,15.25
2022-07-03,06:56:16,998,9.8000000000000007,998,998,16,998, + FalhaSHT20Bio1  + FalhaSHT20Bio2,15.380000000000001,98.5,SensoresB2OK,0,0,0,0,18.5,15.25
2022-07-03,07:11:17,998,9.8000000000000007,998,998,16,998, + FalhaSHT20Bio1  + FalhaSHT20Bio2,15.380000000000001,98.099999999999994,SensoresB2OK,0,0,0,0,18.5,15.25
2022-07-03,07:42:07,998,10,998,998,16,998, + FalhaSHT20Bio1  + FalhaSHT20Bio2,15.380000000000001,96.799999999999997,SensoresB2OK,0,0,0,0,18.5,15.31
2022-07-03,07:57:06,998,10.5,998,998,16,998, + FalhaSHT20Bio1  + FalhaSHT20Bio2,15.380000000000001,96.099999999999994,SensoresB2OK,0,0,0,0,18.5,15.31
2022-07-03,08:27:07,998,11.800000000000001,998,998,16,998, + FalhaSHT20Bio1  + FalhaSHT20Bio2,15.44,95.700000000000003,SensoresB2OK,0,0,0,0,18.5,15.31
2022-07-03,08:42:05,998,13.300000000000001,998,998,16,998, + FalhaSHT20Bio1  + FalhaSHT20Bio2,15.44,94.099999999999994,SensoresB2OK,0,0,0,0,18.5,15.31
2022-07-03,08:57:05,998,14.699999999999999,998,998,16,998, + FalhaSHT20Bio1  + FalhaSHT20Bio2,15.44,92.799999999999997,SensoresB2OK,0,0,0,0,18.5,15.31
2022-07-03,09:27:08,998,16.800000000000001,998,998,16,998, + FalhaSHT20Bio1  + FalhaSHT20Bio2,15.44,88.900000000000006,SensoresB2OK,0,0,0,0,18.5,15.31
2022-07-03,09:57:06,998,19.300000000000001,998,998,16,998, + FalhaSHT20Bio1  + FalhaSHT20Bio2,15.44,82.900000000000006,SensoresB2OK,0,0,0,0,18.5,15.31
2022-07-03,10:12:06,998,20.800000000000001,998,998,16,998, + FalhaSHT20Bio1  + FalhaSHT20Bio2,15.44,78.700000000000003,SensoresB2OK,0,0,0,0,18.5,15.31
2022-07-03,11:12:06,998,24.199999999999999,998,998,16,998, + FalhaSHT20Bio1  + FalhaSHT20Bio2,15.44,66.299999999999997,SensoresB2OK,0,0,0,0,18.5,15.31
2022-07-03,11:42:08,998,25.199999999999999,998,998,16,998, + FalhaSHT20Bio1  + FalhaSHT20Bio2,15.44,60.899999999999999,SensoresB2OK,0,0,0,0,18.5,15.31
2022-07-03,11:57:07,998,25.699999999999999,998,998,16,998, + FalhaSHT20Bio1  + FalhaSHT20Bio2,15.44,57.100000000000001,SensoresB2OK,0,0,0,0,18.5,15.31
2022-07-03,12:12:07,998,25.800000000000001,998,998,16,998, + FalhaSHT20Bio1  + FalhaSHT20Bio2,15.44,55.600000000000001,SensoresB2OK,0,0,0,0,18.5,15.31
2022-07-03,12:57:08,998,26.300000000000001,998,998,16,998, + FalhaSHT20Bio1  + FalhaSHT20Bio2,15.380000000000001,53.899999999999999,SensoresB2OK,0,0,0,0,18.5,15.25
2022-07-03,13:12:08,998,26.199999999999999,998,998,16,998, + FalhaSHT20Bio1  + FalhaSHT20Bio2,15.380000000000001,53.700000000000003,SensoresB2OK,0,0,0,0,18.5,15.25
2022-07-03,14:42:54,998,26.199999999999999,998,998,16,998, + FalhaSHT20Bio1  + FalhaSHT20Bio2,15.44,52.399999999999999,SensoresB2OK,0,0,0,0,18.5,15.25
2022-07-03,15:27:54,998,26.199999999999999,998,998,16,998, + FalhaSHT20Bio1  + FalhaSHT20Bio2,15.380000000000001,53.5,SensoresB2OK,0,0,0,0,18.5,15.25
2022-07-03,16:42:55,998,23,998,998,16,998, + FalhaSHT20Bio1  + FalhaSHT20Bio2,15.380000000000001,63.399999999999999,SensoresB2OK,0,0,0,0,18.5,15.25
2022-07-03,17:12:55,998,22.300000000000001,998,998,16,998, + FalhaSHT20Bio1  + FalhaSHT20Bio2,15.380000000000001,66.5,SensoresB2OK,0,0,0,0,18.5,15.25
2022-07-03,17:42:55,998,21,998,998,16,998, + FalhaSHT20Bio1  + FalhaSHT20Bio2,15.380000000000001,71.200000000000003,SensoresB2OK,0,0,0,0,18.5,15.25
2022-07-03,19:12:54,998,17.800000000000001,998,998,16,998, + FalhaSHT20Bio1  + FalhaSHT20Bio2,15.380000000000001,84,SensoresB2OK,0,0,0,0,18.5,15.25
2022-07-03,20:13:45,998,16.300000000000001,998,998,16,998, + FalhaSHT20Bio1  + FalhaSHT20Bio2,15.380000000000001,91,SensoresB2OK,0,0,0,0,18.5,15.25
2022-07-03,20:44:36,998,15.9,998,998,16,998, + FalhaSHT20Bio1  + FalhaSHT20Bio2,15.44,92.400000000000006,SensoresB2OK,0,0,0,0,18.5,15.25
2022-07-03,21:14:38,998,15.300000000000001,998,998,16,998, + FalhaSHT20Bio1  + FalhaSHT20Bio2,15.44,94.099999999999994,SensoresB2OK,0,0,0,0,18.5,15.25
2022-07-03,21:44:37,998,14.9,998,998,16,998, + FalhaSHT20Bio1  + FalhaSHT20Bio2,15.44,94.599999999999994,SensoresB2OK,0,0,0,0,18.5,15.25
2022-07-03,21:59:36,998,14.800000000000001,998,998,16,998, + FalhaSHT20Bio1  + FalhaSHT20Bio2,15.44,95.200000000000003,SensoresB2OK,0,0,0,0,18.5,15.25
2022-07-03,22:14:37,998,14.699999999999999,998,998,16,998, + FalhaSHT20Bio1  + FalhaSHT20Bio2,15.44,95.200000000000003,SensoresB2OK,0,0,0,0,18.5,15.31
2022-07-03,22:44:36,998,14.300000000000001,998,998,16,998, + FalhaSHT20Bio1  + FalhaSHT20Bio2,15.44,96.200000000000003,SensoresB2OK,0,0,0,0,18.5,15.31
2022-07-03,23:14:36,998,14,998,998,16,998, + FalhaSHT20Bio1  + FalhaSHT20Bio2,15.44,96.099999999999994,SensoresB2OK,0,0,0,0,18.5,15.25
2022-07-04,00:59:37,998,12.800000000000001,998,998,16,998, + FalhaSHT20Bio1  + FalhaSHT20Bio2,15.44,98.099999999999994,SensoresB2OK,0,0,0,0,18.5,15.31
2022-07-04,01:44:37,998,12.199999999999999,998,998,15.94,998, + FalhaSHT20Bio1  + FalhaSHT20Bio2,15.44,96.299999999999997,SensoresB2OK,0,0,0,0,18.5,15.31
2022-07-04,02:59:39,998,11.699999999999999,998,998,15.94,998, + FalhaSHT20Bio1  + FalhaSHT20Bio2,15.44,98.700000000000003,SensoresB2OK,0,0,0,0,18.5,15.31
2022-07-04,03:14:39,998,11.300000000000001,998,998,16,998, + FalhaSHT20Bio1  + FalhaSHT20Bio2,15.44,97.799999999999997,SensoresB2OK,0,0,0,0,18.5,15.31
2022-07-04,03:59:39,998,10.9,998,998,15.94,998, + FalhaSHT20Bio1  + FalhaSHT20Bio2,15.44,96.599999999999994,SensoresB2OK,0,0,0,0,18.5,15.31
2022-07-04,04:29:39,998,10.6,998,998,15.94,998, + FalhaSHT20Bio1  + FalhaSHT20Bio2,15.44,97.400000000000006,SensoresB2OK,0,0,0,0,18.440000000000001,15.31
2022-07-04,04:59:40,998,10.4,998,998,15.94,998, + FalhaSHT20Bio1  + FalhaSHT20Bio2,15.44,97.099999999999994,SensoresB2OK,0,0,0,0,18.440000000000001,15.31
2022-07-04,05:29:39,998,10.1,998,998,15.94,998, + FalhaSHT20Bio1  + FalhaSHT20Bio2,15.5,97.700000000000003,SensoresB2OK,0,0,0,0,18.440000000000001,15.31
2022-07-04,06:14:38,998,10.300000000000001,998,998,15.94,998, + FalhaSHT20Bio1  + FalhaSHT20Bio2,15.5,98,SensoresB2OK,0,0,0,0,18.440000000000001,15.380000000000001
2022-07-04,06:29:38,998,10.300000000000001,998,998,15.94,998, + FalhaSHT20Bio1  + FalhaSHT20Bio2,15.5,98.200000000000003,SensoresB2OK,0,0,0,0,18.440000000000001,15.380000000000001
2022-07-04,06:42:24,998,10.199999999999999,998,998,15.94,998, + FalhaSHT20Bio1  + FalhaSHT20Bio2,15.5,97.5,SensoresB2OK,0,0.01,0,0,18.440000000000001,15.380000000000001
2022-07-04,06:56:40,998,10.1,998,998,15.94,998, + FalhaSHT20Bio1  + FalhaSHT20Bio2,15.5,97.799999999999997,SensoresB2OK,0,0,0,0,18.440000000000001,15.380000000000001
2022-07-04,07:11:39,998,10.1,998,998,15.94,998, + FalhaSHT20Bio1  + FalhaSHT20Bio2,15.5,98.799999999999997,SensoresB2OK,0,0,0,0,18.440000000000001,15.380000000000001
2022-07-04,07:36:20,998,10.199999999999999,998,998,15.94,998, + FalhaSHT20Bio1  + FalhaSHT20Bio2,15.5,96.799999999999997,SensoresB2OK,0,0,0,0,18.440000000000001,15.380000000000001
2022-07-04,07:51:22,998,10.4,998,998,15.94,998, + FalhaSHT20Bio1  + FalhaSHT20Bio2,15.5,96.200000000000003,SensoresB2OK,0,0,0,0,18.440000000000001,15.380000000000001
2022-07-04,08:36:22,998,12.800000000000001,998,998,15.94,998, + FalhaSHT20Bio1  + FalhaSHT20Bio2,15.5,94.900000000000006,SensoresB2OK,0,0,0,0,18.440000000000001,15.380000000000001
2022-07-04,08:51:22,998,14.1,998,998,15.94,998, + FalhaSHT20Bio1  + FalhaSHT20Bio2,15.5,93.599999999999994,SensoresB2OK,0,0,0,0,18.440000000000001,15.380000000000001
2022-07-04,09:51:21,998,18.800000000000001,998,998,15.94,998, + FalhaSHT20Bio1  + FalhaSHT20Bio2,15.5,87.599999999999994,SensoresB2OK,0,0,0,0,18.440000000000001,15.380000000000001
2022-07-04,10:06:23,998,20,998,998,15.94,998, + FalhaSHT20Bio1  + FalhaSHT20Bio2,15.5,84.5,SensoresB2OK,0,0,0,0,18.440000000000001,15.380000000000001
2022-07-04,11:52:11,998,25,998,998,15.94,998, + FalhaSHT20Bio1  + FalhaSHT20Bio2,15.5,60.700000000000003,SensoresB2OK,0,0,0,0,18.440000000000001,15.380000000000001
2022-07-04,12:22:12,998,25.199999999999999,998,998,15.94,998, + FalhaSHT20Bio1  + FalhaSHT20Bio2,15.5,57.5,SensoresB2OK,0,0,0,0,18.440000000000001,15.31
2022-07-04,12:22:18,998,25.199999999999999,998,998,15.94,998, + FalhaSHT20Bio1  + FalhaSHT20Bio2,15.5,57.5,SensoresB2OK,0,0.01,0,0,18.440000000000001,15.31
2022-07-04,12:52:12,998,25.300000000000001,998,998,15.94,998, + FalhaSHT20Bio1  + FalhaSHT20Bio2,15.5,55.5,SensoresB2OK,0,0,0,0,18.440000000000001,15.380000000000001
2022-07-04,13:07:12,998,25.300000000000001,998,998,15.94,998, + FalhaSHT20Bio1  + FalhaSHT20Bio2,15.5,54.399999999999999,SensoresB2OK,0,0,0,0,18.440000000000001,15.380000000000001
2022-07-04,13:22:11,998,25.399999999999999,998,998,15.94,998, + FalhaSHT20Bio1  + FalhaSHT20Bio2,15.5,52.700000000000003,SensoresB2OK,0,0,0,0,18.440000000000001,15.380000000000001
2022-07-04,13:22:17,998,25.399999999999999,998,998,15.94,998, + FalhaSHT20Bio1  + FalhaSHT20Bio2,15.5,52.700000000000003,SensoresB2OK,0,0.01,0,0,18.440000000000001,15.380000000000001
2022-07-04,14:07:11,998,25.800000000000001,998,998,15.94,998, + FalhaSHT20Bio1  + FalhaSHT20Bio2,15.5,48.899999999999999,SensoresB2OK,0,0,0,0,18.440000000000001,15.31
2022-07-04,14:38:03,998,25.800000000000001,998,998,15.94,998, + FalhaSHT20Bio1  + FalhaSHT20Bio2,15.5,48.899999999999999,SensoresB2OK,0,0,0,0,18.440000000000001,15.31
2022-07-04,14:53:04,998,25.899999999999999,998,998,15.94,998, + FalhaSHT20Bio1  + FalhaSHT20Bio2,15.5,49.899999999999999,SensoresB2OK,0,0,0,0,18.440000000000001,15.31
2022-07-04,15:23:01,998,25.5,998,998,15.94,998, + FalhaSHT20Bio1  + FalhaSHT20Bio2,15.5,51.700000000000003,SensoresB2OK,0,0,0,0,18.440000000000001,15.31
2022-07-04,16:23:02,998,22.5,998,998,15.94,998, + FalhaSHT20Bio1  + FalhaSHT20Bio2,15.5,54.700000000000003,SensoresB2OK,0,0,0,0,18.440000000000001,15.31
2022-07-04,16:23:08,998,22.5,998,998,15.94,998, + FalhaSHT20Bio1  + FalhaSHT20Bio2,15.5,54.700000000000003,SensoresB2OK,0,0.01,0,0,18.440000000000001,15.31
2022-07-04,17:08:02,998,21.199999999999999,998,998,15.94,998, + FalhaSHT20Bio1  + FalhaSHT20Bio2,15.5,59.799999999999997,SensoresB2OK,0,0,0,0,18.440000000000001,15.31
2022-07-04,17:23:08,998,20.100000000000001,998,998,15.94,998, + FalhaSHT20Bio1  + FalhaSHT20Bio2,15.5,65.400000000000006,SensoresB2OK,0,0.01,0,0,18.440000000000001,15.31
2022-07-04,17:53:05,998,18.600000000000001,998,998,15.94,998, + FalhaSHT20Bio1  + FalhaSHT20Bio2,15.5,70.599999999999994,SensoresB2OK,0,0,0,0,18.440000000000001,15.31
2022-07-04,18:08:03,998,17.800000000000001,998,998,15.94,998, + FalhaSHT20Bio1  + FalhaSHT20Bio2,15.5,71.200000000000003,SensoresB2OK,0,0,0,0,18.440000000000001,15.31
2022-07-04,18:23:02,998,17.5,998,998,15.94,998, + FalhaSHT20Bio1  + FalhaSHT20Bio2,15.5,74.299999999999997,SensoresB2OK,0,0,0,0,18.440000000000001,15.31
2022-07-04,18:23:48,998,17.5,998,998,15.94,998, + FalhaSHT20Bio1  + FalhaSHT20Bio2,15.5,74.299999999999997,SensoresB2OK,0,0.01,0,0,18.440000000000001,15.31
2022-07-04,18:38:02,998,16.899999999999999,998,998,15.94,998, + FalhaSHT20Bio1  + FalhaSHT20Bio2,15.5,79.700000000000003,SensoresB2OK,0,0,0,0,18.440000000000001,15.31
2022-07-04,19:08:02,998,16.199999999999999,998,998,15.94,998, + FalhaSHT20Bio1  + FalhaSHT20Bio2,15.5,81,SensoresB2OK,0,0,0,0,18.440000000000001,15.31
2022-07-04,19:38:04,998,15.300000000000001,998,998,15.94,998, + FalhaSHT20Bio1  + FalhaSHT20Bio2,15.5,84.099999999999994,SensoresB2OK,0,0,0,0,18.440000000000001,15.31
2022-07-04,19:53:03,998,15.1,998,998,15.94,998, + FalhaSHT20Bio1  + FalhaSHT20Bio2,15.5,85.200000000000003,SensoresB2OK,0,0,0,0,18.440000000000001,15.31
2022-07-04,20:08:02,998,14.699999999999999,998,998,15.94,998, + FalhaSHT20Bio1  + FalhaSHT20Bio2,15.5,86.299999999999997,SensoresB2OK,0,0,0,0,18.440000000000001,15.31
2022-07-04,20:23:04,998,14.4,998,998,15.94,998, + FalhaSHT20Bio1  + FalhaSHT20Bio2,15.5,85.900000000000006,SensoresB2OK,0,0,0,0,18.440000000000001,15.31
2022-07-04,20:38:03,998,14.300000000000001,998,998,15.94,998, + FalhaSHT20Bio1  + FalhaSHT20Bio2,15.5,86.799999999999997,SensoresB2OK,0,0,0,0,18.440000000000001,15.31
2022-07-04,20:53:04,998,14.1,998,998,15.94,998, + FalhaSHT20Bio1  + FalhaSHT20Bio2,15.5,88.799999999999997,SensoresB2OK,0,0,0,0,18.440000000000001,15.31
2022-07-04,21:23:10,998,13.699999999999999,998,998,15.94,998, + FalhaSHT20Bio1  + FalhaSHT20Bio2,15.5,89.200000000000003,SensoresB2OK,0,0.01,0,0,18.440000000000001,15.31
2022-07-04,21:23:51,998,13.699999999999999,998,998,15.94,998, + FalhaSHT20Bio1  + FalhaSHT20Bio2,15.5,89.200000000000003,SensoresB2OK,0,0.01,0,0,18.440000000000001,15.31
2022-07-04,21:38:04,998,13.300000000000001,998,998,15.94,998, + FalhaSHT20Bio1  + FalhaSHT20Bio2,15.5,91.599999999999994,SensoresB2OK,0,0,0,0,18.440000000000001,15.31
2022-07-04,21:53:05,998,13.1,998,998,15.94,998, + FalhaSHT20Bio1  + FalhaSHT20Bio2,15.5,93.299999999999997,SensoresB2OK,0,0,0,0,18.440000000000001,15.31
2022-07-04,22:53:04,998,12.5,998,998,15.94,998, + FalhaSHT20Bio1  + FalhaSHT20Bio2,15.5,94.299999999999997,SensoresB2OK,0,0,0,0,18.440000000000001,15.380000000000001
2022-07-04,23:08:04,998,12.1,998,998,15.94,998, + FalhaSHT20Bio1  + FalhaSHT20Bio2,15.5,92.700000000000003,SensoresB2OK,0,0,0,0,18.440000000000001,15.380000000000001
2022-07-04,23:23:04,998,11.6,998,998,15.94,998, + FalhaSHT20Bio1  + FalhaSHT20Bio2,15.56,93.700000000000003,SensoresB2OK,0,0,0,0,18.440000000000001,15.380000000000001
2022-07-05,00:53:05,998,10.9,998,998,15.94,998, + FalhaSHT20Bio1  + FalhaSHT20Bio2,15.56,94.200000000000003,SensoresB2OK,0,0,0,0,18.379999999999999,15.380000000000001
2022-07-05,01:23:06,998,10.5,998,998,15.94,998, + FalhaSHT20Bio1  + FalhaSHT20Bio2,15.56,95.599999999999994,SensoresB2OK,0,0,0,0,18.440000000000001,15.380000000000001
2022-07-05,01:38:03,998,10.199999999999999,998,998,15.94,998, + FalhaSHT20Bio1  + FalhaSHT20Bio2,15.56,94.799999999999997,SensoresB2OK,0,0,0,0,18.440000000000001,15.380000000000001
2022-07-05,01:53:04,998,10.199999999999999,998,998,15.94,998, + FalhaSHT20Bio1  + FalhaSHT20Bio2,15.56,95.799999999999997,SensoresB2OK,0,0,0,0,18.440000000000001,15.380000000000001
2022-07-05,02:23:04,998,10.1,998,998,15.94,998, + FalhaSHT20Bio1  + FalhaSHT20Bio2,15.56,96.799999999999997,SensoresB2OK,0,0,0,0,18.440000000000001,15.380000000000001
2022-07-05,03:23:51,998,9.6999999999999993,998,998,15.94,998, + FalhaSHT20Bio1  + FalhaSHT20Bio2,15.56,96.900000000000006,SensoresB2OK,0,0.01,0,0,18.379999999999999,15.380000000000001
2022-07-05,03:38:05,998,9.5999999999999996,998,998,15.94,998, + FalhaSHT20Bio1  + FalhaSHT20Bio2,15.56,98.200000000000003,SensoresB2OK,0,0,0,0,18.440000000000001,15.380000000000001
2022-07-05,04:23:52,998,9.5999999999999996,998,998,15.94,998, + FalhaSHT20Bio1  + FalhaSHT20Bio2,15.56,98.700000000000003,SensoresB2OK,0,0.01,0,0,18.379999999999999,15.380000000000001
2022-07-05,05:08:04,998,9.0999999999999996,998,998,15.94,998, + FalhaSHT20Bio1  + FalhaSHT20Bio2,15.56,96.900000000000006,SensoresB2OK,0,0,0,0,18.379999999999999,15.380000000000001
2022-07-05,05:23:10,998,9.0999999999999996,998,998,15.94,998, + FalhaSHT20Bio1  + FalhaSHT20Bio2,15.56,97.900000000000006,SensoresB2OK,0,0.01,0,0,18.379999999999999,15.44
2022-07-05,05:38:06,998,9,998,998,15.94,998, + FalhaSHT20Bio1  + FalhaSHT20Bio2,15.56,96.5,SensoresB2OK,0,0,0,0,18.379999999999999,15.44
2022-07-05,06:01:05,998,8.9000000000000004,998,998,15.94,998, + FalhaSHT20Bio1  + FalhaSHT20Bio2,15.619999999999999,97.299999999999997,SensoresB2OK,0,0,0,0,18.379999999999999,15.44
2022-07-05,06:16:04,998,8.6999999999999993,998,998,15.94,998, + FalhaSHT20Bio1  + FalhaSHT20Bio2,15.619999999999999,97.099999999999994,SensoresB2OK,0,0,0,0,18.379999999999999,15.44
2022-07-05,07:08:06,998,8.5999999999999996,998,998,15.94,998, + FalhaSHT20Bio1  + FalhaSHT20Bio2,15.619999999999999,97.900000000000006,SensoresB2OK,0,0,0,0,18.379999999999999,15.44
2022-07-05,07:38:04,998,9.0999999999999996,998,998,15.94,998, + FalhaSHT20Bio1  + FalhaSHT20Bio2,15.619999999999999,98.200000000000003,SensoresB2OK,0,0,0,0,18.379999999999999,15.44
2022-07-05,08:38:58,998,11.1,998,998,15.94,998, + FalhaSHT20Bio1  + FalhaSHT20Bio2,15.619999999999999,94.799999999999997,SensoresB2OK,0,0,0,0,18.379999999999999,15.44
2022-07-05,08:53:58,998,12.199999999999999,998,998,15.94,998, + FalhaSHT20Bio1  + FalhaSHT20Bio2,15.619999999999999,93.299999999999997,SensoresB2OK,0,0,0,0,18.379999999999999,15.44
2022-07-05,09:08:56,998,13.699999999999999,998,998,15.94,998, + FalhaSHT20Bio1  + FalhaSHT20Bio2,15.619999999999999,92.599999999999994,SensoresB2OK,0,0,0,0,18.379999999999999,15.44
2022-07-05,09:24:01,998,14.6,998,998,15.94,998, + FalhaSHT20Bio1  + FalhaSHT20Bio2,15.619999999999999,90.900000000000006,SensoresB2OK,0,0.01,0,0,18.379999999999999,15.44
2022-07-05,09:24:43,998,14.6,998,998,15.94,998, + FalhaSHT20Bio1  + FalhaSHT20Bio2,15.619999999999999,90.900000000000006,SensoresB2OK,0,0.01,0,0,18.379999999999999,15.44
2022-07-05,09:38:56,998,16.199999999999999,998,998,15.880000000000001,998, + FalhaSHT20Bio1  + FalhaSHT20Bio2,15.619999999999999,89.599999999999994,SensoresB2OK,0,0,0,0,18.379999999999999,15.44
2022-07-05,10:24:46,998,19.5,998,998,15.880000000000001,998, + FalhaSHT20Bio1  + FalhaSHT20Bio2,15.619999999999999,78.599999999999994,SensoresB2OK,0,0.01,0,0,18.379999999999999,15.44
2022-07-05,12:24:48,998,22.5,998,998,15.880000000000001,998, + FalhaSHT20Bio1  + FalhaSHT20Bio2,15.619999999999999,61.399999999999999,SensoresB2OK,0,0,0,0,18.379999999999999,15.44
2022-07-05,12:55:39,998,23.399999999999999,998,998,15.880000000000001,998, + FalhaSHT20Bio1  + FalhaSHT20Bio2,15.619999999999999,56.899999999999999,SensoresB2OK,0,0,0,0,18.379999999999999,15.44
2022-07-05,13:10:39,998,23.5,998,998,15.880000000000001,998, + FalhaSHT20Bio1  + FalhaSHT20Bio2,15.619999999999999,56.100000000000001,SensoresB2OK,0,0,0,0,18.379999999999999,15.44
2022-07-05,13:25:37,998,24,998,998,15.880000000000001,998, + FalhaSHT20Bio1  + FalhaSHT20Bio2,15.619999999999999,56.600000000000001,SensoresB2OK,0,0,0,0,18.379999999999999,15.44
2022-07-05,13:25:43,998,24,998,998,15.880000000000001,998, + FalhaSHT20Bio1  + FalhaSHT20Bio2,15.619999999999999,56.600000000000001,SensoresB2OK,0,0.01,0,0,18.379999999999999,15.44
2022-07-05,13:26:25,998,24,998,998,15.880000000000001,998, + FalhaSHT20Bio1  + FalhaSHT20Bio2,15.619999999999999,56.600000000000001,SensoresB2OK,0,0.01,0,0,18.379999999999999,15.44
2022-07-05,13:40:40,998,23.899999999999999,998,998,15.880000000000001,998, + FalhaSHT20Bio1  + FalhaSHT20Bio2,15.619999999999999,54.700000000000003,SensoresB2OK,0,0,0,0,18.379999999999999,15.44
2022-07-05,13:55:37,998,23.699999999999999,998,998,15.880000000000001,998, + FalhaSHT20Bio1  + FalhaSHT20Bio2,15.619999999999999,56.700000000000003,SensoresB2OK,0,0,0,0,18.379999999999999,15.380000000000001
2022-07-05,14:26:27,998,24,998,998,15.880000000000001,998, + FalhaSHT20Bio1  + FalhaSHT20Bio2,15.619999999999999,58.399999999999999,SensoresB2OK,0,0.01,0,0,18.379999999999999,15.44
2022-07-05,15:25:46,998,23.699999999999999,998,998,15.880000000000001,998, + FalhaSHT20Bio1  + FalhaSHT20Bio2,15.619999999999999,59.700000000000003,SensoresB2OK,0,0.01,0,0,18.379999999999999,15.44
2022-07-05,15:40:39,998,23.399999999999999,998,998,15.880000000000001,998, + FalhaSHT20Bio1  + FalhaSHT20Bio2,15.619999999999999,61.100000000000001,SensoresB2OK,0,0,0,0,18.379999999999999,15.380000000000001
2022-07-05,15:55:39,998,22.699999999999999,998,998,15.880000000000001,998, + FalhaSHT20Bio1  + FalhaSHT20Bio2,15.619999999999999,63.5,SensoresB2OK,0,0,0,0,18.379999999999999,15.380000000000001
2022-07-05,16:10:38,998,22.199999999999999,998,998,15.880000000000001,998, + FalhaSHT20Bio1  + FalhaSHT20Bio2,15.619999999999999,61.700000000000003,SensoresB2OK,0,0,0,0,18.379999999999999,15.380000000000001
2022-07-05,16:25:45,998,22,998,998,15.880000000000001,998, + FalhaSHT20Bio1  + FalhaSHT20Bio2,15.619999999999999,62,SensoresB2OK,0,0.01,0,0,18.379999999999999,15.380000000000001
2022-07-05,16:40:38,998,21.199999999999999,998,998,15.880000000000001,998, + FalhaSHT20Bio1  + FalhaSHT20Bio2,15.56,65.299999999999997,SensoresB2OK,0,0,0,0,18.379999999999999,15.380000000000001
2022-07-05,16:55:43,998,20.199999999999999,998,998,15.880000000000001,998, + FalhaSHT20Bio1  + FalhaSHT20Bio2,15.619999999999999,68.400000000000006,SensoresB2OK,0,0,0,0,18.379999999999999,15.380000000000001
2022-07-05,17:10:39,998,19.600000000000001,998,998,15.880000000000001,998, + FalhaSHT20Bio1  + FalhaSHT20Bio2,15.619999999999999,70.299999999999997,SensoresB2OK,0,0,0,0,18.379999999999999,15.380000000000001
2022-07-05,17:25:40,998,18.800000000000001,998,998,15.880000000000001,998, + FalhaSHT20Bio1  + FalhaSHT20Bio2,15.619999999999999,73.5,SensoresB2OK,0,0,0,0,18.379999999999999,15.380000000000001
2022-07-05,17:55:39,998,17.600000000000001,998,998,15.880000000000001,998, + FalhaSHT20Bio1  + FalhaSHT20Bio2,15.619999999999999,77.900000000000006,SensoresB2OK,0,0,0,0,18.379999999999999,15.380000000000001
2022-07-05,18:16:39,998,16.600000000000001,998,998,15.880000000000001,998, + FalhaSHT20Bio1  + FalhaSHT20Bio2,15.619999999999999,80.900000000000006,SensoresB2OK,0,0,0,0,18.379999999999999,15.380000000000001
2022-07-05,18:25:42,998,16.5,998,998,15.880000000000001,998, + FalhaSHT20Bio1  + FalhaSHT20Bio2,15.619999999999999,81.599999999999994,SensoresB2OK,0,0.01,0,0,18.379999999999999,15.380000000000001
2022-07-05,18:40:38,998,16.300000000000001,998,998,15.880000000000001,998, + FalhaSHT20Bio1  + FalhaSHT20Bio2,15.619999999999999,83.299999999999997,SensoresB2OK,0,0,0,0,18.379999999999999,15.380000000000001
2022-07-05,19:25:40,998,15.199999999999999,998,998,15.880000000000001,998, + FalhaSHT20Bio1  + FalhaSHT20Bio2,15.619999999999999,87.299999999999997,SensoresB2OK,0,0,0,0,18.379999999999999,15.380000000000001
2022-07-05,19:40:39,998,14.800000000000001,998,998,15.880000000000001,998, + FalhaSHT20Bio1  + FalhaSHT20Bio2,15.619999999999999,89.099999999999994,SensoresB2OK,0,0,0,0,18.379999999999999,15.380000000000001
2022-07-05,20:10:40,998,14.199999999999999,998,998,15.880000000000001,998, + FalhaSHT20Bio1  + FalhaSHT20Bio2,15.619999999999999,90.700000000000003,SensoresB2OK,0,0,0,0,18.379999999999999,15.380000000000001
2022-07-05,20:56:30,998,13.300000000000001,998,998,15.880000000000001,998, + FalhaSHT20Bio1  + FalhaSHT20Bio2,15.619999999999999,93.400000000000006,SensoresB2OK,0,0,0,0,18.379999999999999,15.380000000000001
2022-07-05,21:11:31,998,13,998,998,15.880000000000001,998, + FalhaSHT20Bio1  + FalhaSHT20Bio2,15.619999999999999,94.5,SensoresB2OK,0,0,0,0,18.379999999999999,15.380000000000001
2022-07-05,21:26:30,998,12.9,998,998,15.880000000000001,998, + FalhaSHT20Bio1  + FalhaSHT20Bio2,15.619999999999999,95.099999999999994,SensoresB2OK,0,0,0,0,18.379999999999999,15.380000000000001
2022-07-05,21:26:37,998,12.9,998,998,15.880000000000001,998, + FalhaSHT20Bio1  + FalhaSHT20Bio2,15.619999999999999,95.099999999999994,SensoresB2OK,0,0.01,0,0,18.379999999999999,15.380000000000001
2022-07-05,21:27:19,998,12.9,998,998,15.880000000000001,998, + FalhaSHT20Bio1  + FalhaSHT20Bio2,15.619999999999999,95.099999999999994,SensoresB2OK,0,0.01,0,0,18.379999999999999,15.380000000000001
2022-07-05,22:11:31,998,12.300000000000001,998,998,15.880000000000001,998, + FalhaSHT20Bio1  + FalhaSHT20Bio2,15.619999999999999,95.299999999999997,SensoresB2OK,0,0,0,0,18.379999999999999,15.380000000000001
2022-07-05,22:26:31,998,11.9,998,998,15.880000000000001,998, + FalhaSHT20Bio1  + FalhaSHT20Bio2,15.619999999999999,95.5,SensoresB2OK,0,0,0,0,18.379999999999999,15.380000000000001
2022-07-05,23:11:32,998,11.300000000000001,998,998,15.880000000000001,998, + FalhaSHT20Bio1  + FalhaSHT20Bio2,15.619999999999999,96,SensoresB2OK,0,0,0,0,18.379999999999999,15.380000000000001
2022-07-05,23:26:37,998,10.9,998,998,15.880000000000001,998, + FalhaSHT20Bio1  + FalhaSHT20Bio2,15.619999999999999,96.700000000000003,SensoresB2OK,0,0.01,0,0,18.379999999999999,15.380000000000001
2022-07-05,23:41:30,998,11,998,998,15.880000000000001,998, + FalhaSHT20Bio1  + FalhaSHT20Bio2,15.619999999999999,97.200000000000003,SensoresB2OK,0,0,0,0,18.379999999999999,15.380000000000001
2022-07-06,00:26:30,998,10.6,998,998,15.880000000000001,998, + FalhaSHT20Bio1  + FalhaSHT20Bio2,15.619999999999999,94.700000000000003,SensoresB2OK,0,0,0,0,18.379999999999999,15.380000000000001
2022-07-06,00:41:31,998,10.1,998,998,15.880000000000001,998, + FalhaSHT20Bio1  + FalhaSHT20Bio2,15.619999999999999,95.400000000000006,SensoresB2OK,0,0,0,0,18.379999999999999,15.380000000000001
2022-07-06,01:26:31,998,9.5,998,998,15.880000000000001,998, + FalhaSHT20Bio1  + FalhaSHT20Bio2,15.619999999999999,96.799999999999997,SensoresB2OK,0,0,0,0,18.379999999999999,15.380000000000001
2022-07-06,01:27:19,998,9.5,998,998,15.880000000000001,998, + FalhaSHT20Bio1  + FalhaSHT20Bio2,15.619999999999999,96.799999999999997,SensoresB2OK,0,0.01,0,0,18.379999999999999,15.380000000000001
2022-07-06,01:56:31,998,9.4000000000000004,998,998,15.880000000000001,998, + FalhaSHT20Bio1  + FalhaSHT20Bio2,15.619999999999999,97.900000000000006,SensoresB2OK,0,0,0,0,18.379999999999999,15.380000000000001
2022-07-06,02:11:30,998,9.6999999999999993,998,998,15.880000000000001,998, + FalhaSHT20Bio1  + FalhaSHT20Bio2,15.619999999999999,99,SensoresB2OK,0,0,0,0,18.379999999999999,15.380000000000001
2022-07-06,02:26:37,998,9.5,998,998,15.880000000000001,998, + FalhaSHT20Bio1  + FalhaSHT20Bio2,15.619999999999999,97.200000000000003,SensoresB2OK,0,0.01,0,0,18.379999999999999,15.380000000000001
2022-07-06,02:27:16,998,9.5,998,998,15.880000000000001,998, + FalhaSHT20Bio1  + FalhaSHT20Bio2,15.619999999999999,97.200000000000003,SensoresB2OK,0,0.01,0,0,18.379999999999999,15.380000000000001
2022-07-06,02:41:31,998,9.8000000000000007,998,998,15.880000000000001,998, + FalhaSHT20Bio1  + FalhaSHT20Bio2,15.619999999999999,98.400000000000006,SensoresB2OK,0,0,0,0,18.379999999999999,15.380000000000001
2022-07-06,02:56:30,998,9.8000000000000007,998,998,15.880000000000001,998, + FalhaSHT20Bio1  + FalhaSHT20Bio2,15.619999999999999,97.400000000000006,SensoresB2OK,0,0,0,0,18.379999999999999,15.380000000000001
2022-07-06,03:26:30,998,10,998,998,15.880000000000001,998, + FalhaSHT20Bio1  + FalhaSHT20Bio2,15.619999999999999,97.799999999999997,SensoresB2OK,0,0,0,0,18.379999999999999,15.380000000000001
2022-07-06,03:42:22,998,9.8000000000000007,998,998,15.880000000000001,998, + FalhaSHT20Bio1  + FalhaSHT20Bio2,15.619999999999999,96.5,SensoresB2OK,0,0,0,0,18.379999999999999,15.44
2022-07-06,03:57:22,998,9.9000000000000004,998,998,15.880000000000001,998, + FalhaSHT20Bio1  + FalhaSHT20Bio2,15.619999999999999,98.599999999999994,SensoresB2OK,0,0,0,0,18.379999999999999,15.380000000000001
2022-07-06,04:42:19,998,9.5999999999999996,998,998,15.880000000000001,998, + FalhaSHT20Bio1  + FalhaSHT20Bio2,15.619999999999999,97.099999999999994,SensoresB2OK,0,0,0,0,18.379999999999999,15.44
2022-07-06,05:27:28,998,9.4000000000000004,998,998,15.880000000000001,998, + FalhaSHT20Bio1  + FalhaSHT20Bio2,15.619999999999999,97.599999999999994,SensoresB2OK,0,0.01,0,0,18.379999999999999,15.44
2022-07-06,05:28:08,998,9.4000000000000004,998,998,15.880000000000001,998, + FalhaSHT20Bio1  + FalhaSHT20Bio2,15.619999999999999,97.599999999999994,SensoresB2OK,0,0.01,0,0,18.379999999999999,15.44
2022-07-06,05:42:21,998,9.4000000000000004,998,998,15.880000000000001,998, + FalhaSHT20Bio1  + FalhaSHT20Bio2,15.619999999999999,97.099999999999994,SensoresB2OK,0,0,0,0,18.379999999999999,15.44
2022-07-06,06:12:20,998,9.0999999999999996,998,998,15.880000000000001,998, + FalhaSHT20Bio1  + FalhaSHT20Bio2,15.619999999999999,97.099999999999994,SensoresB2OK,0,0,0,0,18.379999999999999,15.44
2022-07-06,06:27:20,998,8.8000000000000007,998,998,15.880000000000001,998, + FalhaSHT20Bio1  + FalhaSHT20Bio2,15.619999999999999,97.200000000000003,SensoresB2OK,0,0,0,0,18.379999999999999,15.44
2022-07-06,06:27:26,998,8.8000000000000007,998,998,15.880000000000001,998, + FalhaSHT20Bio1  + FalhaSHT20Bio2,15.619999999999999,97.200000000000003,SensoresB2OK,0,0.01,0,0,18.379999999999999,15.44
2022-07-06,06:42:20,998,8.6999999999999993,998,998,15.880000000000001,998, + FalhaSHT20Bio1  + FalhaSHT20Bio2,15.619999999999999,97.799999999999997,SensoresB2OK,0,0,0,0,18.379999999999999,15.44
2022-07-06,07:27:22,998,8.5,998,998,15.880000000000001,998, + FalhaSHT20Bio1  + FalhaSHT20Bio2,15.619999999999999,97.900000000000006,SensoresB2OK,0,0,0,0,18.379999999999999,15.44
2022-07-06,07:27:27,998,8.5,998,998,15.880000000000001,998, + FalhaSHT20Bio1  + FalhaSHT20Bio2,15.619999999999999,97.900000000000006,SensoresB2OK,0,0.01,0,0,18.379999999999999,15.44
2022-07-06,08:27:23,998,9.8000000000000007,998,998,15.880000000000001,998, + FalhaSHT20Bio1  + FalhaSHT20Bio2,15.619999999999999,96.200000000000003,SensoresB2OK,0,0,0,0,18.379999999999999,15.44
2022-07-06,08:27:29,998,9.8000000000000007,998,998,15.880000000000001,998, + FalhaSHT20Bio1  + FalhaSHT20Bio2,15.619999999999999,96.200000000000003,SensoresB2OK,0,0.01,0,0,18.379999999999999,15.44
2022-07-06,08:28:09,998,9.8000000000000007,998,998,15.880000000000001,998, + FalhaSHT20Bio1  + FalhaSHT20Bio2,15.619999999999999,96.200000000000003,SensoresB2OK,0,0.01,0,0,18.379999999999999,15.44
2022-07-06,09:12:22,998,12.6,998,998,15.880000000000001,998, + FalhaSHT20Bio1  + FalhaSHT20Bio2,15.619999999999999,93.599999999999994,SensoresB2OK,0,0,0,0,18.379999999999999,15.44
2022-07-06,10:27:20,998,18.699999999999999,998,998,15.880000000000001,998, + FalhaSHT20Bio1  + FalhaSHT20Bio2,15.619999999999999,83.599999999999994,SensoresB2OK,0,0,0,0,18.379999999999999,15.44
2022-07-06,10:27:27,998,18.699999999999999,998,998,15.880000000000001,998, + FalhaSHT20Bio1  + FalhaSHT20Bio2,15.619999999999999,83.599999999999994,SensoresB2OK,0,0.01,0,0,18.379999999999999,15.44
2022-07-06,10:28:09,998,18.699999999999999,998,998,15.880000000000001,998, + FalhaSHT20Bio1  + FalhaSHT20Bio2,15.619999999999999,83.599999999999994,SensoresB2OK,0,0.01,0,0,18.379999999999999,15.44
2022-07-06,10:57:22,998,20.199999999999999,998,998,15.880000000000001,998, + FalhaSHT20Bio1  + FalhaSHT20Bio2,15.619999999999999,75.400000000000006,SensoresB2OK,0,0,0,0,18.379999999999999,15.44
2022-07-06,11:12:23,998,21,998,998,15.880000000000001,998, + FalhaSHT20Bio1  + FalhaSHT20Bio2,15.619999999999999,70.400000000000006,SensoresB2OK,0,0,0,0,18.379999999999999,15.44
2022-07-06,11:27:23,998,21.899999999999999,998,998,15.880000000000001,998, + FalhaSHT20Bio1  + FalhaSHT20Bio2,15.619999999999999,67,SensoresB2OK,0,0,0,0,18.309999999999999,15.44
2022-07-06,11:27:29,998,21.899999999999999,998,998,15.880000000000001,998, + FalhaSHT20Bio1  + FalhaSHT20Bio2,15.619999999999999,67,SensoresB2OK,0,0.01,0,0,18.309999999999999,15.44
2022-07-06,11:57:22,998,22,998,998,15.880000000000001,998, + FalhaSHT20Bio1  + FalhaSHT20Bio2,15.619999999999999,62.5,SensoresB2OK,0,0,0,0,18.379999999999999,15.380000000000001
2022-07-06,12:12:26,998,22.100000000000001,998,998,15.880000000000001,998, + FalhaSHT20Bio1  + FalhaSHT20Bio2,15.619999999999999,62.600000000000001,SensoresB2OK,0,0,0,0,18.379999999999999,15.380000000000001
2022-07-06,12:27:30,998,22.800000000000001,998,998,15.880000000000001,998, + FalhaSHT20Bio1  + FalhaSHT20Bio2,15.619999999999999,59.899999999999999,SensoresB2OK,0,0.01,0,0,18.309999999999999,15.380000000000001
2022-07-06,13:13:13,998,24.5,998,998,15.880000000000001,998, + FalhaSHT20Bio1  + FalhaSHT20Bio2,15.619999999999999,49.899999999999999,SensoresB2OK,0,0,0,0,18.309999999999999,15.380000000000001
2022-07-06,13:28:15,998,24.399999999999999,998,998,15.880000000000001,998, + FalhaSHT20Bio1  + FalhaSHT20Bio2,15.619999999999999,50.399999999999999,SensoresB2OK,0,0,0,0,18.309999999999999,15.380000000000001
2022-07-06,13:28:21,998,24.399999999999999,998,998,15.880000000000001,998, + FalhaSHT20Bio1  + FalhaSHT20Bio2,15.619999999999999,50.399999999999999,SensoresB2OK,0,0.01,0,0,18.309999999999999,15.380000000000001
2022-07-06,13:29:03,998,24.399999999999999,998,998,15.880000000000001,998, + FalhaSHT20Bio1  + FalhaSHT20Bio2,15.619999999999999,50.399999999999999,SensoresB2OK,0,0.01,0,0,18.309999999999999,15.380000000000001
2022-07-06,14:28:15,998,24.699999999999999,998,998,15.880000000000001,998, + FalhaSHT20Bio1  + FalhaSHT20Bio2,15.619999999999999,49,SensoresB2OK,0,0,0,0,18.309999999999999,15.380000000000001
2022-07-06,14:28:21,998,24.699999999999999,998,998,15.880000000000001,998, + FalhaSHT20Bio1  + FalhaSHT20Bio2,15.619999999999999,49,SensoresB2OK,0,0.01,0,0,18.309999999999999,15.380000000000001
2022-07-06,14:44:07,998,24.800000000000001,998,998,15.880000000000001,998, + FalhaSHT20Bio1  + FalhaSHT20Bio2,15.619999999999999,50.5,SensoresB2OK,0,0,0,0,18.309999999999999,15.380000000000001
2022-07-06,14:59:06,998,24.699999999999999,998,998,15.880000000000001,998, + FalhaSHT20Bio1  + FalhaSHT20Bio2,15.619999999999999,50.5,SensoresB2OK,0,0,0,0,18.379999999999999,15.380000000000001
2022-07-06,15:29:13,998,24,998,998,15.880000000000001,998, + FalhaSHT20Bio1  + FalhaSHT20Bio2,15.56,49.299999999999997,SensoresB2OK,0,0.01,0,0,18.379999999999999,15.380000000000001
2022-07-06,16:14:07,998,21.800000000000001,998,998,15.880000000000001,998, + FalhaSHT20Bio1  + FalhaSHT20Bio2,15.619999999999999,58,SensoresB2OK,0,0,0,0,18.309999999999999,15.380000000000001
2022-07-06,16:29:13,998,21.300000000000001,998,998,15.880000000000001,998, + FalhaSHT20Bio1  + FalhaSHT20Bio2,15.619999999999999,61.700000000000003,SensoresB2OK,0,0.01,0,0,18.379999999999999,15.380000000000001
2022-07-06,16:44:07,998,20.699999999999999,998,998,15.880000000000001,998, + FalhaSHT20Bio1  + FalhaSHT20Bio2,15.619999999999999,64.400000000000006,SensoresB2OK,0,0,0,0,18.309999999999999,15.380000000000001
2022-07-06,17:29:07,998,18.800000000000001,998,998,15.880000000000001,998, + FalhaSHT20Bio1  + FalhaSHT20Bio2,15.56,71.5,SensoresB2OK,0,0,0,0,18.309999999999999,15.380000000000001
2022-07-06,18:02:45,998,17.199999999999999,998,998,15.880000000000001,998, + FalhaSHT20Bio1  + FalhaSHT20Bio2,15.56,77.700000000000003,SensoresB2OK,0,0.01,0,0,18.309999999999999,15.380000000000001
2022-07-06,18:30:38,998,16.199999999999999,998,998,15.880000000000001,998, + FalhaSHT20Bio1  + FalhaSHT20Bio2,15.56,80.700000000000003,SensoresB2OK,0,0.01,0,0,18.309999999999999,15.380000000000001
2022-07-06,18:59:55,998,15.300000000000001,998,998,15.880000000000001,998, + FalhaSHT20Bio1  + FalhaSHT20Bio2,15.56,84.099999999999994,SensoresB2OK,0,0,0,0,18.309999999999999,15.380000000000001
2022-07-06,19:29:57,998,14.9,998,998,15.880000000000001,998, + FalhaSHT20Bio1  + FalhaSHT20Bio2,15.56,86.200000000000003,SensoresB2OK,0,0,0,0,18.309999999999999,15.380000000000001
2022-07-06,20:14:56,998,14.300000000000001,998,998,15.880000000000001,998, + FalhaSHT20Bio1  + FalhaSHT20Bio2,15.56,88.299999999999997,SensoresB2OK,0,0,0,0,18.309999999999999,15.380000000000001
2022-07-06,20:59:58,998,13.4,998,998,15.880000000000001,998, + FalhaSHT20Bio1  + FalhaSHT20Bio2,15.56,90.900000000000006,SensoresB2OK,0,0,0,0,18.309999999999999,15.380000000000001
2022-07-06,21:30:46,998,13.199999999999999,998,998,15.880000000000001,998, + FalhaSHT20Bio1  + FalhaSHT20Bio2,15.56,91.599999999999994,SensoresB2OK,0,0.01,0,0,18.309999999999999,15.380000000000001
2022-07-06,21:59:56,998,12.9,998,998,15.880000000000001,998, + FalhaSHT20Bio1  + FalhaSHT20Bio2,15.56,92.099999999999994,SensoresB2OK,0,0,0,0,18.309999999999999,15.380000000000001
2022-07-06,22:30:03,998,12.800000000000001,998,998,15.880000000000001,998, + FalhaSHT20Bio1  + FalhaSHT20Bio2,15.56,93.099999999999994,SensoresB2OK,0,0.01,0,0,18.309999999999999,15.380000000000001
2022-07-06,22:44:58,998,12.5,998,998,15.880000000000001,998, + FalhaSHT20Bio1  + FalhaSHT20Bio2,15.56,93.799999999999997,SensoresB2OK,0,0,0,0,18.309999999999999,15.380000000000001
2022-07-06,23:14:58,998,12.300000000000001,998,998,15.880000000000001,998, + FalhaSHT20Bio1  + FalhaSHT20Bio2,15.56,95,SensoresB2OK,0,0,0,0,18.309999999999999,15.380000000000001
2022-07-06,23:30:05,998,12.300000000000001,998,998,15.880000000000001,998, + FalhaSHT20Bio1  + FalhaSHT20Bio2,15.56,96.5,SensoresB2OK,0,0.01,0,0,18.309999999999999,15.380000000000001
2022-07-06,23:30:44,998,12.300000000000001,998,998,15.880000000000001,998, + FalhaSHT20Bio1  + FalhaSHT20Bio2,15.56,96.5,SensoresB2OK,0,0.01,0,0,18.309999999999999,15.380000000000001
2022-07-06,23:44:56,998,12.199999999999999,998,998,15.880000000000001,998, + FalhaSHT20Bio1  + FalhaSHT20Bio2,15.56,95.900000000000006,SensoresB2OK,0,0,0,0,18.309999999999999,15.380000000000001
2022-07-07,00:14:56,998,11.6,998,998,15.880000000000001,998, + FalhaSHT20Bio1  + FalhaSHT20Bio2,15.56,95.700000000000003,SensoresB2OK,0,0,0,0,18.309999999999999,15.380000000000001
2022-07-07,00:29:56,998,11.5,998,998,15.880000000000001,998, + FalhaSHT20Bio1  + FalhaSHT20Bio2,15.56,96.099999999999994,SensoresB2OK,0,0,0,0,18.309999999999999,15.380000000000001
2022-07-07,00:59:59,998,10.9,998,998,15.880000000000001,998, + FalhaSHT20Bio1  + FalhaSHT20Bio2,15.56,96.400000000000006,SensoresB2OK,0,0,0,0,18.309999999999999,15.380000000000001
2022-07-07,01:14:57,998,10.699999999999999,998,998,15.880000000000001,998, + FalhaSHT20Bio1  + FalhaSHT20Bio2,15.56,96.200000000000003,SensoresB2OK,0,0,0,0,18.309999999999999,15.380000000000001
2022-07-07,01:30:03,998,10.800000000000001,998,998,15.880000000000001,998, + FalhaSHT20Bio1  + FalhaSHT20Bio2,15.56,97.700000000000003,SensoresB2OK,0,0.01,0,0,18.309999999999999,15.380000000000001
2022-07-07,01:44:59,998,10.6,998,998,15.880000000000001,998, + FalhaSHT20Bio1  + FalhaSHT20Bio2,15.56,96.200000000000003,SensoresB2OK,0,0,0,0,18.309999999999999,15.380000000000001
2022-07-07,01:59:59,998,10.300000000000001,998,998,15.880000000000001,998, + FalhaSHT20Bio1  + FalhaSHT20Bio2,15.56,96.200000000000003,SensoresB2OK,0,0,0,0,18.309999999999999,15.380000000000001
2022-07-07,02:30:03,998,10.1,998,998,15.81,998, + FalhaSHT20Bio1  + FalhaSHT20Bio2,15.619999999999999,96.5,SensoresB2OK,0,0.01,0,0,18.309999999999999,15.380000000000001
2022-07-07,03:00:46,998,9.8000000000000007,998,998,15.81,998, + FalhaSHT20Bio1  + FalhaSHT20Bio2,15.619999999999999,96.5,SensoresB2OK,0,0,0,0,18.309999999999999,15.380000000000001
2022-07-07,04:15:47,998,9.5,998,998,15.880000000000001,998, + FalhaSHT20Bio1  + FalhaSHT20Bio2,15.619999999999999,96.599999999999994,SensoresB2OK,0,0,0,0,18.309999999999999,15.380000000000001
2022-07-07,04:30:46,998,9.6999999999999993,998,998,15.880000000000001,998, + FalhaSHT20Bio1  + FalhaSHT20Bio2,15.56,96.700000000000003,SensoresB2OK,0,0,0,0,18.309999999999999,15.380000000000001
2022-07-07,04:31:34,998,9.6999999999999993,998,998,15.880000000000001,998, + FalhaSHT20Bio1  + FalhaSHT20Bio2,15.56,96.700000000000003,SensoresB2OK,0,0.01,0,0,18.309999999999999,15.380000000000001
2022-07-07,04:45:46,998,9.5999999999999996,998,998,15.880000000000001,998, + FalhaSHT20Bio1  + FalhaSHT20Bio2,15.619999999999999,96.900000000000006,SensoresB2OK,0,0,0,0,18.309999999999999,15.380000000000001
2022-07-07,05:31:34,998,10.1,998,998,15.81,998, + FalhaSHT20Bio1  + FalhaSHT20Bio2,15.619999999999999,97.299999999999997,SensoresB2OK,0,0.01,0,0,18.309999999999999,15.380000000000001
2022-07-07,05:32:37,998,10.1,998,998,15.81,998, + FalhaSHT20Bio1  + FalhaSHT20Bio2,15.619999999999999,97.299999999999997,SensoresB2OK,0,0.01,0,0,18.309999999999999,15.380000000000001
2022-07-07,06:15:20,998,11.1,998,998,15.81,998, + FalhaSHT20Bio1  + FalhaSHT20Bio2,15.619999999999999,97.299999999999997,SensoresB2OK,0,0.01,0,0,18.309999999999999,15.380000000000001
2022-07-07,07:00:46,998,10.699999999999999,998,998,15.81,998, + FalhaSHT20Bio1  + FalhaSHT20Bio2,15.619999999999999,98.299999999999997,SensoresB2OK,0,0,0,0,18.309999999999999,15.380000000000001
2022-07-07,08:01:38,998,11,998,998,15.81,998, + FalhaSHT20Bio1  + FalhaSHT20Bio2,15.619999999999999,96.700000000000003,SensoresB2OK,0,0,0,0,18.309999999999999,15.380000000000001
2022-07-07,08:16:36,998,11.5,998,998,15.81,998, + FalhaSHT20Bio1  + FalhaSHT20Bio2,15.619999999999999,95.900000000000006,SensoresB2OK,0,0,0,0,18.309999999999999,15.380000000000001
2022-07-07,08:32:25,998,12.199999999999999,998,998,15.81,998, + FalhaSHT20Bio1  + FalhaSHT20Bio2,15.619999999999999,95.099999999999994,SensoresB2OK,0,0.01,0,0,18.309999999999999,15.380000000000001
2022-07-07,09:31:37,998,17.800000000000001,998,998,15.81,998, + FalhaSHT20Bio1  + FalhaSHT20Bio2,15.619999999999999,80,SensoresB2OK,0,0,0,0,18.309999999999999,15.380000000000001
2022-07-07,09:32:25,998,17.800000000000001,998,998,15.81,998, + FalhaSHT20Bio1  + FalhaSHT20Bio2,15.619999999999999,80,SensoresB2OK,0,0.01,0,0,18.309999999999999,15.380000000000001
2022-07-07,10:01:38,998,19.600000000000001,998,998,15.81,998, + FalhaSHT20Bio1  + FalhaSHT20Bio2,15.619999999999999,74.299999999999997,SensoresB2OK,0,0,0,0,18.309999999999999,15.380000000000001
2022-07-07,10:32:25,998,21.5,998,998,15.81,998, + FalhaSHT20Bio1  + FalhaSHT20Bio2,15.619999999999999,68.700000000000003,SensoresB2OK,0,0.01,0,0,18.309999999999999,15.380000000000001
2022-07-07,10:46:38,998,21.800000000000001,998,998,15.81,998, + FalhaSHT20Bio1  + FalhaSHT20Bio2,15.619999999999999,67.099999999999994,SensoresB2OK,0,0,0,0,18.309999999999999,15.380000000000001
2022-07-07,11:16:39,998,23.699999999999999,998,998,15.81,998, + FalhaSHT20Bio1  + FalhaSHT20Bio2,15.56,59.200000000000003,SensoresB2OK,0,0,0,0,18.309999999999999,15.380000000000001
2022-07-07,11:31:38,998,23.899999999999999,998,998,15.81,998, + FalhaSHT20Bio1  + FalhaSHT20Bio2,15.619999999999999,57.700000000000003,SensoresB2OK,0,0,0,0,18.309999999999999,15.380000000000001
2022-07-07,11:31:45,998,23.899999999999999,998,998,15.81,998, + FalhaSHT20Bio1  + FalhaSHT20Bio2,15.619999999999999,57.700000000000003,SensoresB2OK,0,0.01,0,0,18.309999999999999,15.380000000000001
2022-07-07,11:32:27,998,23.899999999999999,998,998,15.81,998, + FalhaSHT20Bio1  + FalhaSHT20Bio2,15.619999999999999,57.700000000000003,SensoresB2OK,0,0.01,0,0,18.309999999999999,15.380000000000001
2022-07-07,12:32:25,998,25.600000000000001,998,998,15.81,998, + FalhaSHT20Bio1  + FalhaSHT20Bio2,15.619999999999999,49.299999999999997,SensoresB2OK,0,0.01,0,0,18.309999999999999,15.380000000000001
2022-07-07,12:46:37,998,25.399999999999999,998,998,15.81,998, + FalhaSHT20Bio1  + FalhaSHT20Bio2,15.56,47.799999999999997,SensoresB2OK,0,0,0,0,18.309999999999999,15.380000000000001
2022-07-07,13:32:25,998,25.699999999999999,998,998,15.81,998, + FalhaSHT20Bio1  + FalhaSHT20Bio2,15.56,48.100000000000001,SensoresB2OK,0,0.01,0,0,18.309999999999999,15.380000000000001
2022-07-07,14:31:40,998,25.899999999999999,998,998,15.81,998, + FalhaSHT20Bio1  + FalhaSHT20Bio2,15.56,48.799999999999997,SensoresB2OK,0,0,0,0,18.309999999999999,15.380000000000001
2022-07-07,14:31:46,998,25.899999999999999,998,998,15.81,998, + FalhaSHT20Bio1  + FalhaSHT20Bio2,15.56,48.799999999999997,SensoresB2OK,0,0.01,0,0,18.309999999999999,15.380000000000001
2022-07-07,14:32:28,998,25.899999999999999,998,998,15.81,998, + FalhaSHT20Bio1  + FalhaSHT20Bio2,15.56,48.799999999999997,SensoresB2OK,0,0.01,0,0,18.309999999999999,15.380000000000001
2022-07-07,15:01:39,998,26,998,998,15.81,998, + FalhaSHT20Bio1  + FalhaSHT20Bio2,15.56,48.799999999999997,SensoresB2OK,0,0,0,0,18.309999999999999,15.380000000000001
2022-07-07,15:47:26,998,24.699999999999999,998,998,15.81,998, + FalhaSHT20Bio1  + FalhaSHT20Bio2,15.56,51.899999999999999,SensoresB2OK,0,0,0,0,18.309999999999999,15.380000000000001
2022-07-07,16:17:25,998,23.899999999999999,998,998,15.81,998, + FalhaSHT20Bio1  + FalhaSHT20Bio2,15.56,54.399999999999999,SensoresB2OK,0,0,0,0,18.309999999999999,15.380000000000001
2022-07-07,16:47:25,998,22.699999999999999,998,998,15.81,998, + FalhaSHT20Bio1  + FalhaSHT20Bio2,15.56,58.600000000000001,SensoresB2OK,0,0,0,0,18.309999999999999,15.380000000000001
2022-07-07,17:08:32,998,22.100000000000001,998,998,15.81,998, + FalhaSHT20Bio1  + FalhaSHT20Bio2,15.56,60.5,SensoresB2OK,0,0.01,0,0,18.309999999999999,15.380000000000001
2022-07-07,18:17:26,998,18.699999999999999,998,998,15.81,998, + FalhaSHT20Bio1  + FalhaSHT20Bio2,15.56,73.700000000000003,SensoresB2OK,0,0,0,0,18.309999999999999,15.380000000000001
2022-07-07,18:32:25,998,18.100000000000001,998,998,15.81,998, + FalhaSHT20Bio1  + FalhaSHT20Bio2,15.56,77.200000000000003,SensoresB2OK,0,0,0,0,18.309999999999999,15.380000000000001
2022-07-07,18:47:26,998,17.899999999999999,998,998,15.81,998, + FalhaSHT20Bio1  + FalhaSHT20Bio2,15.56,77.799999999999997,SensoresB2OK,0,0,0,0,18.309999999999999,15.380000000000001
2022-07-07,19:32:25,998,16.600000000000001,998,998,15.81,998, + FalhaSHT20Bio1  + FalhaSHT20Bio2,15.56,83.599999999999994,SensoresB2OK,0,0,0,0,18.309999999999999,15.380000000000001
2022-07-07,19:32:32,998,16.600000000000001,998,998,15.81,998, + FalhaSHT20Bio1  + FalhaSHT20Bio2,15.56,83.599999999999994,SensoresB2OK,0,0.01,0,0,18.309999999999999,15.380000000000001
2022-07-07,20:03:14,998,16.199999999999999,998,998,15.81,998, + FalhaSHT20Bio1  + FalhaSHT20Bio2,15.56,86.900000000000006,SensoresB2OK,0,0,0,0,18.309999999999999,15.380000000000001
2022-07-07,20:18:14,998,15.4,998,998,15.81,998, + FalhaSHT20Bio1  + FalhaSHT20Bio2,15.56,88.900000000000006,SensoresB2OK,0,0,0,0,18.309999999999999,15.380000000000001
2022-07-07,20:33:14,998,15.4,998,998,15.81,998, + FalhaSHT20Bio1  + FalhaSHT20Bio2,15.56,89.400000000000006,SensoresB2OK,0,0,0,0,18.309999999999999,15.380000000000001
2022-07-07,20:33:20,998,15.4,998,998,15.81,998, + FalhaSHT20Bio1  + FalhaSHT20Bio2,15.56,89.400000000000006,SensoresB2OK,0,0.01,0,0,18.309999999999999,15.380000000000001
2022-07-07,21:18:14,998,14.800000000000001,998,998,15.81,998, + FalhaSHT20Bio1  + FalhaSHT20Bio2,15.56,91.900000000000006,SensoresB2OK,0,0,0,0,18.309999999999999,15.380000000000001
2022-07-07,21:33:14,998,14.5,998,998,15.81,998, + FalhaSHT20Bio1  + FalhaSHT20Bio2,15.56,92.400000000000006,SensoresB2OK,0,0,0,0,18.309999999999999,15.380000000000001
2022-07-07,21:34:02,998,14.5,998,998,15.81,998, + FalhaSHT20Bio1  + FalhaSHT20Bio2,15.56,92.400000000000006,SensoresB2OK,0,0.01,0,0,18.309999999999999,15.380000000000001
2022-07-07,22:48:16,998,13.300000000000001,998,998,15.81,998, + FalhaSHT20Bio1  + FalhaSHT20Bio2,15.56,93.400000000000006,SensoresB2OK,0,0,0,0,18.309999999999999,15.380000000000001
2022-07-07,23:18:15,998,13.1,998,998,15.81,998, + FalhaSHT20Bio1  + FalhaSHT20Bio2,15.56,94.700000000000003,SensoresB2OK,0,0,0,0,18.309999999999999,15.380000000000001
2022-07-07,23:49:04,998,12.9,998,998,15.81,998, + FalhaSHT20Bio1  + FalhaSHT20Bio2,15.56,95.900000000000006,SensoresB2OK,0,0,0,0,18.309999999999999,15.380000000000001
2022-07-08,00:34:52,998,12.300000000000001,998,998,15.81,998, + FalhaSHT20Bio1  + FalhaSHT20Bio2,15.56,95.599999999999994,SensoresB2OK,0,0.01,0,0,18.309999999999999,15.380000000000001
2022-07-08,00:49:07,998,12.300000000000001,998,998,15.81,998, + FalhaSHT20Bio1  + FalhaSHT20Bio2,15.56,97.299999999999997,SensoresB2OK,0,0,0,0,18.309999999999999,15.380000000000001
2022-07-08,01:04:05,998,12.199999999999999,998,998,15.81,998, + FalhaSHT20Bio1  + FalhaSHT20Bio2,15.56,97.200000000000003,SensoresB2OK,0,0,0,0,18.309999999999999,15.380000000000001
2022-07-08,01:19:06,998,12.1,998,998,15.81,998, + FalhaSHT20Bio1  + FalhaSHT20Bio2,15.619999999999999,97.400000000000006,SensoresB2OK,0,0,0,0,18.309999999999999,15.380000000000001
2022-07-08,01:34:07,998,12,998,998,15.81,998, + FalhaSHT20Bio1  + FalhaSHT20Bio2,15.56,97.599999999999994,SensoresB2OK,0,0,0,0,18.309999999999999,15.380000000000001
2022-07-08,01:49:03,998,11.800000000000001,998,998,15.81,998, + FalhaSHT20Bio1  + FalhaSHT20Bio2,15.619999999999999,97.700000000000003,SensoresB2OK,0,0,0,0,18.309999999999999,15.380000000000001
2022-07-08,02:19:04,998,11.699999999999999,998,998,15.81,998, + FalhaSHT20Bio1  + FalhaSHT20Bio2,15.619999999999999,98,SensoresB2OK,0,0,0,0,18.309999999999999,15.44
2022-07-08,02:34:52,998,11.199999999999999,998,998,15.81,998, + FalhaSHT20Bio1  + FalhaSHT20Bio2,15.619999999999999,96.200000000000003,SensoresB2OK,0,0.01,0,0,18.309999999999999,15.44
2022-07-08,03:34:53,998,10.800000000000001,998,998,15.81,998, + FalhaSHT20Bio1  + FalhaSHT20Bio2,15.619999999999999,98.5,SensoresB2OK,0,0.01,0,0,18.309999999999999,15.44
2022-07-08,04:04:06,998,10.6,998,998,15.81,998, + FalhaSHT20Bio1  + FalhaSHT20Bio2,15.619999999999999,97.299999999999997,SensoresB2OK,0,0,0,0,18.309999999999999,15.44
2022-07-08,04:19:07,998,10.699999999999999,998,998,15.81,998, + FalhaSHT20Bio1  + FalhaSHT20Bio2,15.619999999999999,97.299999999999997,SensoresB2OK,0,0,0,0,18.309999999999999,15.44
2022-07-08,05:34:07,998,10.300000000000001,998,998,15.81,998, + FalhaSHT20Bio1  + FalhaSHT20Bio2,15.619999999999999,97.099999999999994,SensoresB2OK,0,0,0,0,18.309999999999999,15.44
2022-07-08,05:34:56,998,10.300000000000001,998,998,15.81,998, + FalhaSHT20Bio1  + FalhaSHT20Bio2,15.619999999999999,97.099999999999994,SensoresB2OK,0,0.01,0,0,18.309999999999999,15.44
2022-07-08,05:46:43,998,10.199999999999999,998,998,15.81,998, + FalhaSHT20Bio1  + FalhaSHT20Bio2,15.619999999999999,96.799999999999997,SensoresB2OK,0,0.01,0,0,18.309999999999999,15.44
2022-07-08,06:01:08,998,10,998,998,15.81,998, + FalhaSHT20Bio1  + FalhaSHT20Bio2,15.619999999999999,96.700000000000003,SensoresB2OK,0,0,0,0,18.309999999999999,15.44
2022-07-08,06:16:07,998,10,998,998,15.81,998, + FalhaSHT20Bio1  + FalhaSHT20Bio2,15.619999999999999,97.099999999999994,SensoresB2OK,0,0,0,0,18.309999999999999,15.44
2022-07-08,07:34:05,998,10.699999999999999,998,998,15.81,998, + FalhaSHT20Bio1  + FalhaSHT20Bio2,15.619999999999999,98.400000000000006,SensoresB2OK,0,0,0,0,18.309999999999999,15.44
2022-07-08,08:04:08,998,10.9,998,998,15.81,998, + FalhaSHT20Bio1  + FalhaSHT20Bio2,15.619999999999999,96.700000000000003,SensoresB2OK,0,0,0,0,18.309999999999999,15.44
2022-07-08,08:19:08,998,11.300000000000001,998,998,15.81,998, + FalhaSHT20Bio1  + FalhaSHT20Bio2,15.619999999999999,96.5,SensoresB2OK,0,0,0,0,18.309999999999999,15.44
2022-07-08,08:34:08,998,12.5,998,998,15.81,998, + FalhaSHT20Bio1  + FalhaSHT20Bio2,15.619999999999999,95.700000000000003,SensoresB2OK,0,0,0,0,18.309999999999999,15.44
2022-07-08,08:34:57,998,12.5,998,998,15.81,998, + FalhaSHT20Bio1  + FalhaSHT20Bio2,15.619999999999999,95.700000000000003,SensoresB2OK,0,0.01,0,0,18.309999999999999,15.44
2022-07-08,09:04:06,998,14,998,998,15.81,998, + FalhaSHT20Bio1  + FalhaSHT20Bio2,15.619999999999999,93.799999999999997,SensoresB2OK,0,0,0,0,18.309999999999999,15.44
2022-07-08,09:34:08,998,16.699999999999999,998,998,15.81,998, + FalhaSHT20Bio1  + FalhaSHT20Bio2,15.619999999999999,89.599999999999994,SensoresB2OK,0,0,0,0,18.309999999999999,15.44
2022-07-08,10:04:08,998,19.899999999999999,998,998,15.81,998, + FalhaSHT20Bio1  + FalhaSHT20Bio2,15.619999999999999,81.799999999999997,SensoresB2OK,0,0,0,0,18.309999999999999,15.44
2022-07-08,10:34:52,998,21,998,998,15.81,998, + FalhaSHT20Bio1  + FalhaSHT20Bio2,15.619999999999999,77.599999999999994,SensoresB2OK,0,0.01,0,0,18.309999999999999,15.44
2022-07-08,10:49:08,998,21.5,998,998,15.81,998, + FalhaSHT20Bio1  + FalhaSHT20Bio2,15.56,75.099999999999994,SensoresB2OK,0,0,0,0,18.309999999999999,15.44
2022-07-08,12:04:08,998,24.300000000000001,998,998,15.81,998, + FalhaSHT20Bio1  + FalhaSHT20Bio2,15.56,66.5,SensoresB2OK,0,0,0,0,18.309999999999999,15.44
2022-07-08,12:34:06,998,24,998,998,15.81,998, + FalhaSHT20Bio1  + FalhaSHT20Bio2,15.56,66.599999999999994,SensoresB2OK,0,0,0,0,18.309999999999999,15.44
2022-07-08,13:34:09,998,23.5,998,998,15.81,998, + FalhaSHT20Bio1  + FalhaSHT20Bio2,15.56,68.400000000000006,SensoresB2OK,0,0,0,0,18.309999999999999,15.44
2022-07-08,13:34:57,998,23.5,998,998,15.81,998, + FalhaSHT20Bio1  + FalhaSHT20Bio2,15.56,68.400000000000006,SensoresB2OK,0,0.01,0,0,18.309999999999999,15.44
2022-07-08,13:49:08,998,24.800000000000001,998,998,15.81,998, + FalhaSHT20Bio1  + FalhaSHT20Bio2,15.56,65.900000000000006,SensoresB2OK,0,0,0,0,18.309999999999999,15.44
2022-07-08,14:34:11,998,24.399999999999999,998,998,15.81,998, + FalhaSHT20Bio1  + FalhaSHT20Bio2,15.56,60.399999999999999,SensoresB2OK,0,0,0,0,18.309999999999999,15.44
2022-07-08,14:34:17,998,24.399999999999999,998,998,15.81,998, + FalhaSHT20Bio1  + FalhaSHT20Bio2,15.56,60.399999999999999,SensoresB2OK,0,0.01,0,0,18.309999999999999,15.44
2022-07-08,15:04:09,998,23.800000000000001,998,998,15.81,998, + FalhaSHT20Bio1  + FalhaSHT20Bio2,15.56,60.600000000000001,SensoresB2OK,0,0,0,0,18.309999999999999,15.44
2022-07-08,15:19:08,998,23.199999999999999,998,998,15.81,998, + FalhaSHT20Bio1  + FalhaSHT20Bio2,15.56,68.900000000000006,SensoresB2OK,0,0,0,0,18.309999999999999,15.44
2022-07-08,15:34:14,998,22.5,998,998,15.81,998, + FalhaSHT20Bio1  + FalhaSHT20Bio2,15.56,69.299999999999997,SensoresB2OK,0,0.01,0,0,18.309999999999999,15.44
2022-07-08,16:04:08,998,21.699999999999999,998,998,15.81,998, + FalhaSHT20Bio1  + FalhaSHT20Bio2,15.56,72.5,SensoresB2OK,0,0,0,0,18.309999999999999,15.44
2022-07-08,16:19:08,998,21.100000000000001,998,998,15.81,998, + FalhaSHT20Bio1  + FalhaSHT20Bio2,15.56,74.900000000000006,SensoresB2OK,0,0,0,0,18.309999999999999,15.44
2022-07-08,17:19:10,998,18.300000000000001,998,998,15.81,998, + FalhaSHT20Bio1  + FalhaSHT20Bio2,15.56,83,SensoresB2OK,0,0,0,0,18.309999999999999,15.380000000000001
2022-07-08,17:34:08,998,17.800000000000001,998,998,15.81,998, + FalhaSHT20Bio1  + FalhaSHT20Bio2,15.56,85.799999999999997,SensoresB2OK,0,0,0,0,18.309999999999999,15.380000000000001
2022-07-08,17:49:08,998,17.5,998,998,15.81,998, + FalhaSHT20Bio1  + FalhaSHT20Bio2,15.56,86.900000000000006,SensoresB2OK,0,0,0,0,18.309999999999999,15.380000000000001
2022-07-08,18:34:09,998,16.300000000000001,998,998,15.81,998, + FalhaSHT20Bio1  + FalhaSHT20Bio2,15.56,90.299999999999997,SensoresB2OK,0,0,0,0,18.309999999999999,15.380000000000001
2022-07-08,19:04:09,998,15.800000000000001,998,998,15.81,998, + FalhaSHT20Bio1  + FalhaSHT20Bio2,15.56,92.700000000000003,SensoresB2OK,0,0,0,0,18.309999999999999,15.380000000000001
2022-07-08,20:19:08,998,15.1,998,998,15.81,998, + FalhaSHT20Bio1  + FalhaSHT20Bio2,15.56,94.099999999999994,SensoresB2OK,0,0,0,0,18.309999999999999,15.380000000000001
2022-07-08,20:34:08,998,15,998,998,15.81,998, + FalhaSHT20Bio1  + FalhaSHT20Bio2,15.56,94.099999999999994,SensoresB2OK,0,0,0,0,18.309999999999999,15.380000000000001
2022-07-08,22:19:08,998,13.6,998,998,15.81,998, + FalhaSHT20Bio1  + FalhaSHT20Bio2,15.56,96.5,SensoresB2OK,0,0,0,0,18.309999999999999,15.380000000000001
2022-07-08,22:34:11,998,13.300000000000001,998,998,15.81,998, + FalhaSHT20Bio1  + FalhaSHT20Bio2,15.56,96.799999999999997,SensoresB2OK,0,0,0,0,18.309999999999999,15.380000000000001
2022-07-08,23:19:08,998,12.5,998,998,15.81,998, + FalhaSHT20Bio1  + FalhaSHT20Bio2,15.56,95.599999999999994,SensoresB2OK,0,0,0,0,18.309999999999999,15.380000000000001
2022-07-09,00:05:01,998,12.5,998,998,15.81,998, + FalhaSHT20Bio1  + FalhaSHT20Bio2,15.56,98,SensoresB2OK,0,0,0,0,18.309999999999999,15.44
2022-07-09,00:35:00,998,12.5,998,998,15.81,998, + FalhaSHT20Bio1  + FalhaSHT20Bio2,15.56,98.799999999999997,SensoresB2OK,0,0,0,0,18.309999999999999,15.44
2022-07-09,00:50:01,998,12.5,998,998,15.81,998, + FalhaSHT20Bio1  + FalhaSHT20Bio2,15.56,96.900000000000006,SensoresB2OK,0,0,0,0,18.309999999999999,15.44
2022-07-09,01:20:00,998,12.6,998,998,15.81,998, + FalhaSHT20Bio1  + FalhaSHT20Bio2,15.56,96.5,SensoresB2OK,0,0,0,0,18.309999999999999,15.44
2022-07-09,01:50:00,998,12.9,998,998,15.81,998, + FalhaSHT20Bio1  + FalhaSHT20Bio2,15.619999999999999,96.5,SensoresB2OK,0,0,0,0,18.309999999999999,15.44
2022-07-09,02:35:00,998,13.699999999999999,998,998,15.81,998, + FalhaSHT20Bio1  + FalhaSHT20Bio2,15.619999999999999,96.299999999999997,SensoresB2OK,0,0,0,0,18.309999999999999,15.44
2022-07-09,02:49:59,998,13.800000000000001,998,998,15.81,998, + FalhaSHT20Bio1  + FalhaSHT20Bio2,15.619999999999999,96.299999999999997,SensoresB2OK,0,0,0,0,18.309999999999999,15.44
2022-07-09,03:04:59,998,13.9,998,998,15.81,998, + FalhaSHT20Bio1  + FalhaSHT20Bio2,15.619999999999999,96.200000000000003,SensoresB2OK,0,0,0,0,18.25,15.44
2022-07-09,03:20:02,998,13.5,998,998,15.81,998, + FalhaSHT20Bio1  + FalhaSHT20Bio2,15.619999999999999,96.5,SensoresB2OK,0,0,0,0,18.309999999999999,15.44
2022-07-09,03:35:00,998,13.199999999999999,998,998,15.81,998, + FalhaSHT20Bio1  + FalhaSHT20Bio2,15.619999999999999,96.700000000000003,SensoresB2OK,0,0,0,0,18.309999999999999,15.44
2022-07-09,04:39:08,998,12.4,998,998,15.81,998, + FalhaSHT20Bio1  + FalhaSHT20Bio2,15.619999999999999,97.5,SensoresB2OK,0,0.01,0,0,18.309999999999999,15.44
2022-07-09,05:29:21,998,12.300000000000001,998,998,15.81,998, + FalhaSHT20Bio1  + FalhaSHT20Bio2,15.619999999999999,97.900000000000006,SensoresB2OK,0,0.01,0,0,18.309999999999999,15.44
2022-07-09,06:20:02,998,12.9,998,998,15.81,998, + FalhaSHT20Bio1  + FalhaSHT20Bio2,15.619999999999999,97.400000000000006,SensoresB2OK,0,0,0,0,18.25,15.44
2022-07-09,06:35:06,998,13.1,998,998,15.81,998, + FalhaSHT20Bio1  + FalhaSHT20Bio2,15.619999999999999,97.400000000000006,SensoresB2OK,0,0.01,0,0,18.25,15.44
2022-07-09,06:35:48,998,13.1,998,998,15.81,998, + FalhaSHT20Bio1  + FalhaSHT20Bio2,15.619999999999999,97.400000000000006,SensoresB2OK,0,0.01,0,0,18.25,15.44
2022-07-09,06:50:01,998,13.1,998,998,15.81,998, + FalhaSHT20Bio1  + FalhaSHT20Bio2,15.619999999999999,97.299999999999997,SensoresB2OK,0,0,0,0,18.309999999999999,15.44
2022-07-09,08:05:01,998,13.6,998,998,15.81,998, + FalhaSHT20Bio1  + FalhaSHT20Bio2,15.619999999999999,96.5,SensoresB2OK,0,0,0,0,18.309999999999999,15.44
2022-07-09,08:20:02,998,13.699999999999999,998,998,15.81,998, + FalhaSHT20Bio1  + FalhaSHT20Bio2,15.69,96.200000000000003,SensoresB2OK,0,0,0,0,18.25,15.44
2022-07-09,08:35:03,998,14,998,998,15.81,998, + FalhaSHT20Bio1  + FalhaSHT20Bio2,15.69,95.200000000000003,SensoresB2OK,0,0,0,0,18.25,15.44
2022-07-09,08:35:51,998,14,998,998,15.81,998, + FalhaSHT20Bio1  + FalhaSHT20Bio2,15.69,95.200000000000003,SensoresB2OK,0,0.01,0,0,18.25,15.44
2022-07-09,08:50:02,998,14.4,998,998,15.81,998, + FalhaSHT20Bio1  + FalhaSHT20Bio2,15.69,94.799999999999997,SensoresB2OK,0,0,0,0,18.309999999999999,15.44
2022-07-09,09:05:02,998,15.1,998,998,15.81,998, + FalhaSHT20Bio1  + FalhaSHT20Bio2,15.69,92.900000000000006,SensoresB2OK,0,0,0,0,18.25,15.44
2022-07-09,09:35:03,998,16.699999999999999,998,998,15.81,998, + FalhaSHT20Bio1  + FalhaSHT20Bio2,15.69,88.599999999999994,SensoresB2OK,0,0,0,0,18.309999999999999,15.44
2022-07-09,10:05:02,998,18.199999999999999,998,998,15.81,998, + FalhaSHT20Bio1  + FalhaSHT20Bio2,15.69,83.099999999999994,SensoresB2OK,0,0,0,0,18.25,15.44
2022-07-09,10:20:02,998,18.5,998,998,15.81,998, + FalhaSHT20Bio1  + FalhaSHT20Bio2,15.69,82.200000000000003,SensoresB2OK,0,0,0,0,18.25,15.44
2022-07-09,10:35:02,998,18.699999999999999,998,998,15.81,998, + FalhaSHT20Bio1  + FalhaSHT20Bio2,15.69,81.5,SensoresB2OK,0,0,0,0,18.25,15.44
2022-07-09,10:50:02,998,19.699999999999999,998,998,15.81,998, + FalhaSHT20Bio1  + FalhaSHT20Bio2,15.75,79,SensoresB2OK,0,0,0,0,18.25,15.44
2022-07-09,11:35:50,998,21.199999999999999,998,998,15.81,998, + FalhaSHT20Bio1  + FalhaSHT20Bio2,15.75,72.299999999999997,SensoresB2OK,0,0.01,0,0,18.25,15.44
2022-07-09,11:50:02,998,21.399999999999999,998,998,15.81,998, + FalhaSHT20Bio1  + FalhaSHT20Bio2,15.75,71.900000000000006,SensoresB2OK,0,0,0,0,18.25,15.44
2022-07-09,12:05:02,998,21.800000000000001,998,998,15.81,998, + FalhaSHT20Bio1  + FalhaSHT20Bio2,15.75,69.900000000000006,SensoresB2OK,0,0,0,0,18.25,15.44
2022-07-09,12:20:02,998,22.5,998,998,15.81,998, + FalhaSHT20Bio1  + FalhaSHT20Bio2,15.75,67.400000000000006,SensoresB2OK,0,0,0,0,18.25,15.44
2022-07-09,12:35:02,998,22.800000000000001,998,998,15.81,998, + FalhaSHT20Bio1  + FalhaSHT20Bio2,15.75,65.799999999999997,SensoresB2OK,0,0,0,0,18.25,15.44
2022-07-09,12:35:11,998,22.800000000000001,998,998,15.81,998, + FalhaSHT20Bio1  + FalhaSHT20Bio2,15.75,65.799999999999997,SensoresB2OK,0,0.01,0,0,18.25,15.44
2022-07-09,12:50:51,998,23.199999999999999,998,998,15.81,998, + FalhaSHT20Bio1  + FalhaSHT20Bio2,15.75,64.200000000000003,SensoresB2OK,0,0,0,0,18.25,15.44
2022-07-09,13:35:51,998,23.600000000000001,998,998,15.81,998, + FalhaSHT20Bio1  + FalhaSHT20Bio2,15.75,62.600000000000001,SensoresB2OK,0,0,0,0,18.25,15.44
2022-07-09,13:35:57,998,23.600000000000001,998,998,15.81,998, + FalhaSHT20Bio1  + FalhaSHT20Bio2,15.75,62.600000000000001,SensoresB2OK,0,0.01,0,0,18.25,15.44
2022-07-09,13:36:39,998,23.600000000000001,998,998,15.81,998, + FalhaSHT20Bio1  + FalhaSHT20Bio2,15.75,62.600000000000001,SensoresB2OK,0,0.01,0,0,18.25,15.44
2022-07-09,14:05:54,998,24.199999999999999,998,998,15.81,998, + FalhaSHT20Bio1  + FalhaSHT20Bio2,15.75,62.600000000000001,SensoresB2OK,0,0,0,0,18.25,15.44
2022-07-09,14:35:59,998,23.199999999999999,998,998,15.81,998, + FalhaSHT20Bio1  + FalhaSHT20Bio2,15.75,65.099999999999994,SensoresB2OK,0,0.01,0,0,18.25,15.44
2022-07-09,14:36:39,998,23.199999999999999,998,998,15.81,998, + FalhaSHT20Bio1  + FalhaSHT20Bio2,15.75,65.099999999999994,SensoresB2OK,0,0.01,0,0,18.25,15.44
2022-07-09,16:20:52,998,21.199999999999999,998,998,15.75,998, + FalhaSHT20Bio1  + FalhaSHT20Bio2,15.75,66.599999999999994,SensoresB2OK,0,0,0,0,18.25,15.44
2022-07-09,19:35:52,998,15.5,998,998,15.75,998, + FalhaSHT20Bio1  + FalhaSHT20Bio2,15.75,93.799999999999997,SensoresB2OK,0,0,0,0,18.25,15.5
2022-07-09,21:05:55,998,14.300000000000001,998,998,15.75,998, + FalhaSHT20Bio1  + FalhaSHT20Bio2,15.75,95.5,SensoresB2OK,0,0,0,0,18.25,15.5
2022-07-09,21:20:55,998,13.6,998,998,15.75,998, + FalhaSHT20Bio1  + FalhaSHT20Bio2,15.75,95.5,SensoresB2OK,0,0,0,0,18.25,15.5
2022-07-09,22:05:54,998,13,998,998,15.75,998, + FalhaSHT20Bio1  + FalhaSHT20Bio2,15.75,97.599999999999994,SensoresB2OK,0,0,0,0,18.25,15.5
2022-07-09,23:20:52,998,13.9,998,998,15.75,998, + FalhaSHT20Bio1  + FalhaSHT20Bio2,15.75,96.799999999999997,SensoresB2OK,0,0,0,0,18.25,15.5
2022-07-09,23:50:54,998,14,998,998,15.75,998, + FalhaSHT20Bio1  + FalhaSHT20Bio2,15.75,97.5,SensoresB2OK,0,0,0,0,18.25,15.5
2022-07-10,00:35:54,998,14.199999999999999,998,998,15.75,998, + FalhaSHT20Bio1  + FalhaSHT20Bio2,15.75,97.200000000000003,SensoresB2OK,0,0,0,0,18.25,15.5
2022-07-10,00:50:53,998,14.199999999999999,998,998,15.75,998, + FalhaSHT20Bio1  + FalhaSHT20Bio2,15.75,97.599999999999994,SensoresB2OK,0,0,0,0,18.25,15.5
2022-07-10,01:20:53,998,14.199999999999999,998,998,15.75,998, + FalhaSHT20Bio1  + FalhaSHT20Bio2,15.75,97.700000000000003,SensoresB2OK,0,0,0,0,18.25,15.5
2022-07-10,03:35:53,998,14.1,998,998,15.75,998, + FalhaSHT20Bio1  + FalhaSHT20Bio2,15.75,97,SensoresB2OK,0,0,0,0,18.25,15.5
2022-07-10,03:50:55,998,14.1,998,998,15.75,998, + FalhaSHT20Bio1  + FalhaSHT20Bio2,15.75,97.099999999999994,SensoresB2OK,0,0,0,0,18.25,15.5
2022-07-10,04:05:55,998,14.1,998,998,15.75,998, + FalhaSHT20Bio1  + FalhaSHT20Bio2,15.75,97,SensoresB2OK,0,0,0,0,18.25,15.5
2022-07-10,04:20:54,998,14.1,998,998,15.75,998, + FalhaSHT20Bio1  + FalhaSHT20Bio2,15.75,97.200000000000003,SensoresB2OK,0,0,0,0,18.25,15.5
2022-07-10,04:35:54,998,14.1,998,998,15.75,998, + FalhaSHT20Bio1  + FalhaSHT20Bio2,15.81,97.200000000000003,SensoresB2OK,0,0,0,0,18.25,15.5
2022-07-10,05:35:55,998,13.800000000000001,998,998,15.75,998, + FalhaSHT20Bio1  + FalhaSHT20Bio2,15.75,97.200000000000003,SensoresB2OK,0,0,0,0,18.25,15.5
2022-07-10,05:50:54,998,13.9,998,998,15.75,998, + FalhaSHT20Bio1  + FalhaSHT20Bio2,15.75,97.099999999999994,SensoresB2OK,0,0,0,0,18.25,15.5
2022-07-10,07:20:55,998,13.6,998,998,15.75,998, + FalhaSHT20Bio1  + FalhaSHT20Bio2,15.81,97.099999999999994,SensoresB2OK,0,0,0,0,18.25,15.56
2022-07-10,07:35:55,998,13.6,998,998,15.75,998, + FalhaSHT20Bio1  + FalhaSHT20Bio2,15.75,97,SensoresB2OK,0,0,0,0,18.25,15.56
2022-07-10,07:53:55,998,13.6,998,998,15.75,998, + FalhaSHT20Bio1  + FalhaSHT20Bio2,15.81,96.900000000000006,SensoresB2OK,0,0,0,0,18.25,15.56
2022-07-10,08:35:57,998,14.199999999999999,998,998,15.75,998, + FalhaSHT20Bio1  + FalhaSHT20Bio2,15.75,94.900000000000006,SensoresB2OK,0,0.01,0,0,18.25,15.56
2022-07-10,08:36:40,998,14.199999999999999,998,998,15.75,998, + FalhaSHT20Bio1  + FalhaSHT20Bio2,15.75,94.900000000000006,SensoresB2OK,0,0.01,0,0,18.25,15.56
2022-07-10,09:35:55,998,16.800000000000001,998,998,15.75,998, + FalhaSHT20Bio1  + FalhaSHT20Bio2,15.81,87.900000000000006,SensoresB2OK,0,0,0,0,18.25,15.56
2022-07-10,09:50:55,998,17.100000000000001,998,998,15.75,998, + FalhaSHT20Bio1  + FalhaSHT20Bio2,15.81,87.400000000000006,SensoresB2OK,0,0,0,0,18.25,15.56
2022-07-10,11:35:57,998,21.899999999999999,998,998,15.75,998, + FalhaSHT20Bio1  + FalhaSHT20Bio2,15.81,69.099999999999994,SensoresB2OK,0,0,0,0,18.25,15.56
2022-07-10,11:38:29,998,21.899999999999999,998,998,15.75,998, + FalhaSHT20Bio1  + FalhaSHT20Bio2,15.81,69.099999999999994,SensoresB2OK,0,0.01,0,0,18.25,15.56
2022-07-10,13:20:55,998,23.800000000000001,998,998,15.75,998, + FalhaSHT20Bio1  + FalhaSHT20Bio2,15.880000000000001,61.899999999999999,SensoresB2OK,0,0,0,0,18.25,15.56
2022-07-10,13:36:03,998,23.899999999999999,998,998,15.75,998, + FalhaSHT20Bio1  + FalhaSHT20Bio2,15.81,61.5,SensoresB2OK,0,0.01,0,0,18.25,15.56
2022-07-10,13:40:38,998,24.199999999999999,998,998,15.75,998, + FalhaSHT20Bio1  + FalhaSHT20Bio2,15.81,61.100000000000001,SensoresB2OK,0,0.01,0,0,18.25,15.56
2022-07-10,13:54:57,998,24.199999999999999,998,998,15.75,998, + FalhaSHT20Bio1  + FalhaSHT20Bio2,15.81,60.899999999999999,SensoresB2OK,0,0,0,0,18.25,15.56
2022-07-10,14:09:55,998,24.600000000000001,998,998,15.75,998, + FalhaSHT20Bio1  + FalhaSHT20Bio2,15.880000000000001,60.200000000000003,SensoresB2OK,0,0,0,0,18.25,15.56
2022-07-10,14:24:57,998,24.399999999999999,998,998,15.75,998, + FalhaSHT20Bio1  + FalhaSHT20Bio2,15.81,59.5,SensoresB2OK,0,0,0,0,18.25,15.56
2022-07-10,14:36:02,998,24,998,998,15.75,998, + FalhaSHT20Bio1  + FalhaSHT20Bio2,15.880000000000001,60.399999999999999,SensoresB2OK,0,0.01,0,0,18.25,15.56
2022-07-10,14:50:57,998,24.199999999999999,998,998,15.75,998, + FalhaSHT20Bio1  + FalhaSHT20Bio2,15.880000000000001,59.899999999999999,SensoresB2OK,0,0,0,0,18.25,15.56
2022-07-10,15:05:57,998,24.399999999999999,998,998,15.75,998, + FalhaSHT20Bio1  + FalhaSHT20Bio2,15.880000000000001,59.799999999999997,SensoresB2OK,0,0,0,0,18.25,15.56
2022-07-10,15:20:57,998,24.399999999999999,998,998,15.75,998, + FalhaSHT20Bio1  + FalhaSHT20Bio2,15.880000000000001,60.399999999999999,SensoresB2OK,0,0,0,0,18.25,15.56
2022-07-10,17:18:44,998,20.600000000000001,998,998,15.75,998, + FalhaSHT20Bio1  + FalhaSHT20Bio2,15.81,72.5,SensoresB2OK,0,0,0,0,18.25,15.56
2022-07-10,17:51:45,998,18.899999999999999,998,998,15.75,998, + FalhaSHT20Bio1  + FalhaSHT20Bio2,15.81,77.700000000000003,SensoresB2OK,0,0,0,0,18.25,15.56
2022-07-10,18:06:47,998,18.699999999999999,998,998,15.75,998, + FalhaSHT20Bio1  + FalhaSHT20Bio2,15.880000000000001,78.299999999999997,SensoresB2OK,0,0,0,0,18.25,15.56
2022-07-10,18:53:47,998,17.5,998,998,15.75,998, + FalhaSHT20Bio1  + FalhaSHT20Bio2,15.81,83.200000000000003,SensoresB2OK,0,0,0,0,18.25,15.56
2022-07-10,19:08:44,998,17.399999999999999,998,998,15.75,998, + FalhaSHT20Bio1  + FalhaSHT20Bio2,15.81,83.299999999999997,SensoresB2OK,0,0,0,0,18.25,15.56
2022-07-10,20:21:47,998,16.100000000000001,998,998,15.75,998, + FalhaSHT20Bio1  + FalhaSHT20Bio2,15.880000000000001,87.5,SensoresB2OK,0,0,0,0,18.25,15.56
2022-07-10,21:09:45,998,15.1,998,998,15.75,998, + FalhaSHT20Bio1  + FalhaSHT20Bio2,15.81,90.700000000000003,SensoresB2OK,0,0,0,0,18.25,15.56
2022-07-10,21:24:47,998,14.9,998,998,15.75,998, + FalhaSHT20Bio1  + FalhaSHT20Bio2,15.880000000000001,90.799999999999997,SensoresB2OK,0,0,0,0,18.25,15.56
2022-07-10,21:36:51,998,14.800000000000001,998,998,15.75,998, + FalhaSHT20Bio1  + FalhaSHT20Bio2,15.880000000000001,90.900000000000006,SensoresB2OK,0,0.01,0,0,18.25,15.56
2022-07-10,22:06:48,998,14.5,998,998,15.75,998, + FalhaSHT20Bio1  + FalhaSHT20Bio2,15.880000000000001,91.900000000000006,SensoresB2OK,0,0,0,0,18.25,15.619999999999999
2022-07-10,23:23:47,998,13.300000000000001,998,998,15.75,998, + FalhaSHT20Bio1  + FalhaSHT20Bio2,15.880000000000001,93.799999999999997,SensoresB2OK,0,0,0,0,18.25,15.619999999999999
