"Country or Area","Commodity - Transaction","Year","Unit","Quantity","Quantity Footnotes"
"Croatia","Biogases - Own use by biogas production plants","2021","Terajoules","40.578",""
"Croatia","Biogases - Own use by biogas production plants","2020","Terajoules","38.352",""
"Croatia","Biogases - Own use by biogas production plants","2019","Terajoules","41.166",""
"Croatia","Biogases - Own use by biogas production plants","2018","Terajoules","34.999",""
"Croatia","Biogases - Own use by biogas production plants","2017","Terajoules","37.997",""
"Croatia","Biogases - Own use by biogas production plants","2016","Terajoules","38",""
"Croatia","Biogases - Own use by biogas production plants","2015","Terajoules","37",""
"Croatia","Biogases - Own use by biogas production plants","2014","Terajoules","31",""
"Croatia","Biogases - Own use by biogas production plants","2013","Terajoules","29",""
"Croatia","Biogases - Own use by biogas production plants","2012","Terajoules","32",""
"Croatia","Biogases - Own use by biogas production plants","2011","Terajoules","32",""
"Croatia","Biogases - Own use by biogas production plants","2010","Terajoules","41",""
"Croatia","Biogases - Own use by biogas production plants","2009","Terajoules","48",""
"Croatia","Biogases - Own use by biogas production plants","2008","Terajoules","56",""
"Croatia","Biogases - Own use by biogas production plants","2007","Terajoules","0",""
"Denmark","Biogases - Own use by biogas production plants","2004","Terajoules","29",""
"Denmark","Biogases - Own use by biogas production plants","2003","Terajoules","35",""
"Denmark","Biogases - Own use by biogas production plants","2002","Terajoules","31",""
"Denmark","Biogases - Own use by biogas production plants","2001","Terajoules","28",""
"Denmark","Biogases - Own use by biogas production plants","2000","Terajoules","41",""
"Denmark","Biogases - Own use by biogas production plants","1999","Terajoules","43",""
"Denmark","Biogases - Own use by biogas production plants","1998","Terajoules","35",""
"Denmark","Biogases - Own use by biogas production plants","1997","Terajoules","4",""
"Denmark","Biogases - Own use by biogas production plants","1996","Terajoules","4",""
"Denmark","Biogases - Own use by biogas production plants","1995","Terajoules","5",""
"Denmark","Biogases - Own use by biogas production plants","1994","Terajoules","1",""
"Germany","Biogases - Own use by biogas production plants","2021","Terajoules","18498",""
"Germany","Biogases - Own use by biogas production plants","2020","Terajoules","19316",""
"Germany","Biogases - Own use by biogas production plants","2019","Terajoules","19142",""
"Germany","Biogases - Own use by biogas production plants","2018","Terajoules","19369",""
"Germany","Biogases - Own use by biogas production plants","2017","Terajoules","21413",""
"Germany","Biogases - Own use by biogas production plants","2016","Terajoules","21062",""
"Germany","Biogases - Own use by biogas production plants","2015","Terajoules","20577",""
"Germany","Biogases - Own use by biogas production plants","2014","Terajoules","19780",""
"Germany","Biogases - Own use by biogas production plants","2013","Terajoules","18896",""
"Germany","Biogases - Own use by biogas production plants","2012","Terajoules","18114",""
"Germany","Biogases - Own use by biogas production plants","2011","Terajoules","14268",""
"Germany","Biogases - Own use by biogas production plants","2010","Terajoules","11825",""
"Germany","Biogases - Own use by biogas production plants","2009","Terajoules","10177",""
"Germany","Biogases - Own use by biogas production plants","2008","Terajoules","8450",""
"Germany","Biogases - Own use by biogas production plants","2007","Terajoules","6755",""
"Germany","Biogases - Own use by biogas production plants","2006","Terajoules","2569",""
"Germany","Biogases - Own use by biogas production plants","2005","Terajoules","1327",""
"Germany","Biogases - Own use by biogas production plants","2004","Terajoules","867",""
"Germany","Biogases - Own use by biogas production plants","2003","Terajoules","1234",""
"Hungary","Biogases - Own use by biogas production plants","2021","Terajoules","620",""
"Hungary","Biogases - Own use by biogas production plants","2020","Terajoules","600",""
"Hungary","Biogases - Own use by biogas production plants","2019","Terajoules","591",""
"Hungary","Biogases - Own use by biogas production plants","2018","Terajoules","594",""
"Hungary","Biogases - Own use by biogas production plants","2017","Terajoules","583",""
"Hungary","Biogases - Own use by biogas production plants","2016","Terajoules","613",""
"Hungary","Biogases - Own use by biogas production plants","2015","Terajoules","540",""
"Hungary","Biogases - Own use by biogas production plants","2014","Terajoules","389",""
"Hungary","Biogases - Own use by biogas production plants","2013","Terajoules","500",""
"Hungary","Biogases - Own use by biogas production plants","2012","Terajoules","276",""
"Hungary","Biogases - Own use by biogas production plants","2011","Terajoules","365",""
"Hungary","Biogases - Own use by biogas production plants","2010","Terajoules","393",""
"Hungary","Biogases - Own use by biogas production plants","2009","Terajoules","433",""
"Hungary","Biogases - Own use by biogas production plants","2008","Terajoules","276",""
"Hungary","Biogases - Own use by biogas production plants","2007","Terajoules","247",""
"Hungary","Biogases - Own use by biogas production plants","2006","Terajoules","206",""
"Hungary","Biogases - Own use by biogas production plants","2005","Terajoules","131",""
"Hungary","Biogases - Own use by biogas production plants","2004","Terajoules","117",""
"Hungary","Biogases - Own use by biogas production plants","2003","Terajoules","96",""
"Hungary","Biogases - Own use by biogas production plants","2002","Terajoules","60",""

"fnSeqID","Footnote"
"1","Estimate"
